soc_code,occupation_title,employment_2024,employment_2034,employment_change_numeric,employment_change_percent,annual_openings_avg,percent_self_employed,typical_education,work_experience,typical_training,annual_median,annual_mean,annual_pct10,annual_pct25,annual_pct75,annual_pct90,hourly_median,hourly_mean,hourly_pct10,hourly_pct25,hourly_pct75,hourly_pct90,total_employment_oews,oews_occupation_title
11-1011,Chief executives,309.4,322.7,13.3,4.3,22.2,25.9,Bachelor's degree,5 years or more,,206420.0,262930.0,73710.0,126080.0,,,99.24,126.41,35.44,60.61,,,211850.0,Chief Executives
11-1021,General and operations managers,3712.9,3876.8,164.0,4.4,308.7,0.9,Bachelor's degree,5 years or more,,102950.0,133120.0,47420.0,67160.0,164130.0,,49.5,64.0,22.8,32.29,78.91,,3584420.0,General and Operations Managers
11-1031,Legislators,27.7,28.6,0.9,3.4,2.2,,Bachelor's degree,Less than 5 years,,44810.0,67390.0,20380.0,29120.0,80350.0,137820.0,,,,,,,26510.0,Legislators
11-2011,Advertising and promotions managers,27.0,26.4,-0.6,-2.2,2.1,20.7,Bachelor's degree,Less than 5 years,,126960.0,149270.0,63000.0,85990.0,178570.0,,61.04,71.76,30.29,41.34,85.85,,21100.0,Advertising and Promotions Managers
11-2021,Marketing managers,407.0,433.7,26.7,6.6,34.3,3.6,Bachelor's degree,5 years or more,,161030.0,171520.0,81900.0,111210.0,211080.0,,77.42,82.46,39.38,53.47,101.48,,384980.0,Marketing Managers
11-2022,Sales managers,619.5,648.5,29.0,4.7,49.0,0.9,Bachelor's degree,Less than 5 years,,138060.0,160930.0,66910.0,95910.0,201490.0,,66.38,77.37,32.17,46.11,96.87,,603710.0,Sales Managers
11-2032,Public relations managers,83.2,87.3,4.1,5.0,6.6,0.3,Bachelor's degree,5 years or more,,138520.0,163520.0,78880.0,102300.0,198000.0,,66.6,78.61,37.92,49.19,95.19,,76060.0,Public Relations Managers
11-2033,Fundraising managers,45.7,47.6,1.9,4.2,3.6,0.2,Bachelor's degree,5 years or more,,123480.0,137290.0,73700.0,92880.0,166420.0,216660.0,59.36,66.01,35.43,44.66,80.01,104.16,36920.0,Fundraising Managers
11-3012,Administrative services managers,271.2,283.8,12.6,4.6,23.2,0.0,Bachelor's degree,Less than 5 years,,108390.0,126030.0,64740.0,83660.0,147150.0,200010.0,52.11,60.59,31.13,40.22,70.74,96.16,254140.0,Administrative Services Managers
11-3013,Facilities managers,151.4,157.1,5.7,3.8,13.2,,Bachelor's degree,Less than 5 years,,104690.0,114520.0,62550.0,80150.0,135650.0,173080.0,50.33,55.06,30.07,38.54,65.22,83.21,141090.0,Facilities Managers
11-3021,Computer and information systems managers,667.1,768.7,101.6,15.2,55.6,0.9,Bachelor's degree,5 years or more,,171200.0,187990.0,104450.0,134350.0,216220.0,,82.31,90.38,50.22,64.59,103.95,,645970.0,Computer and Information Systems Managers
11-3031,Financial managers,868.6,997.4,128.8,14.8,74.6,2.4,Bachelor's degree,5 years or more,,161700.0,180470.0,86490.0,118360.0,214210.0,,77.74,86.76,41.58,56.91,102.98,,818620.0,Financial Managers
11-3051,Industrial production managers,241.9,246.5,4.6,1.9,17.1,2.6,Bachelor's degree,5 years or more,,121440.0,129180.0,74900.0,94620.0,156330.0,197310.0,58.39,62.11,36.01,45.49,75.16,94.86,234380.0,Industrial Production Managers
11-3061,Purchasing managers,83.5,86.1,2.6,3.1,6.4,0.8,Bachelor's degree,5 years or more,,139510.0,150630.0,85500.0,107430.0,175460.0,219140.0,67.07,72.42,41.1,51.65,84.36,105.35,81240.0,Purchasing Managers
11-3071,"Transportation, storage, and distribution managers",216.7,229.8,13.1,6.1,18.5,1.7,High school diploma or equivalent,5 years or more,,102010.0,116010.0,61200.0,78360.0,136050.0,180590.0,49.05,55.77,29.42,37.67,65.41,86.82,213000.0,"Transportation, Storage, and Distribution Managers"
11-3111,Compensation and benefits managers,20.9,20.9,0.0,0.2,1.5,1.4,Bachelor's degree,5 years or more,,140360.0,156230.0,81660.0,105210.0,190890.0,,67.48,75.11,39.26,50.58,91.78,,20070.0,Compensation and Benefits Managers
11-3121,Human resources managers,221.9,233.0,11.1,5.0,17.9,0.6,Bachelor's degree,5 years or more,,140030.0,160480.0,83790.0,105590.0,189960.0,,67.32,77.15,40.28,50.76,91.33,,215520.0,Human Resources Managers
11-3131,Training and development managers,46.4,49.2,2.7,5.8,3.8,,Bachelor's degree,5 years or more,,127090.0,140590.0,75810.0,96110.0,169310.0,219990.0,61.1,67.59,36.45,46.21,81.4,105.76,44960.0,Training and Development Managers
11-9013,"Farmers, ranchers, and other agricultural managers",836.1,825.0,-11.1,-1.3,85.5,62.6,High school diploma or equivalent,5 years or more,,87980.0,97240.0,51700.0,67970.0,115200.0,156530.0,42.3,46.75,24.85,32.68,55.38,75.26,5910.0,"Farmers, Ranchers, and Other Agricultural Managers"
11-9021,Construction managers,550.3,598.4,48.1,8.7,46.8,35.8,Bachelor's degree,,Moderate-term on-the-job training,106980.0,119660.0,65160.0,83480.0,139330.0,176990.0,51.43,57.53,31.33,40.14,66.99,85.09,348330.0,Construction Managers
11-9031,"Education and childcare administrators, preschool and daycare",90.2,87.9,-2.3,-2.5,5.5,4.9,Bachelor's degree,Less than 5 years,,56270.0,62640.0,37060.0,45310.0,72690.0,96400.0,27.05,30.12,17.82,21.78,34.95,46.35,71620.0,"Education and Childcare Administrators, Preschool and Daycare"
11-9032,"Education administrators, kindergarten through secondary",333.3,328.1,-5.1,-1.5,20.8,1.2,Master's degree,5 years or more,,104070.0,113360.0,72400.0,83840.0,132550.0,165820.0,,,,,,,319630.0,"Education Administrators, Kindergarten through Secondary"
11-9033,"Education administrators, postsecondary",226.6,230.5,4.0,1.7,15.1,2.2,Master's degree,Less than 5 years,,103960.0,124450.0,63820.0,79880.0,140940.0,212420.0,49.98,59.83,30.68,38.41,67.76,102.12,176420.0,"Education Administrators, Postsecondary"
11-9039,"Education administrators, all other",60.2,61.7,1.5,2.5,4.1,3.5,Bachelor's degree,Less than 5 years,,89040.0,99460.0,49490.0,65180.0,121720.0,158050.0,42.81,47.82,23.8,31.34,58.52,75.98,53330.0,"Education Administrators, All Other"
11-9041,Architectural and engineering managers,212.5,220.5,8.0,3.8,14.5,0.2,Bachelor's degree,5 years or more,,167740.0,175710.0,111450.0,134930.0,207210.0,,80.64,84.48,53.58,64.87,99.62,,210340.0,Architectural and Engineering Managers
11-9051,Food service managers,352.8,375.3,22.6,6.4,42.0,30.3,High school diploma or equivalent,Less than 5 years,Short-term on-the-job training,65310.0,72370.0,42380.0,53090.0,82300.0,105420.0,31.4,34.79,20.37,25.52,39.57,50.68,244230.0,Food Service Managers
11-9071,Gambling managers,5.1,5.2,0.1,1.2,0.6,7.7,High school diploma or equivalent,Less than 5 years,,85580.0,102480.0,51670.0,70190.0,120490.0,165220.0,41.14,49.27,24.84,33.74,57.93,79.43,4620.0,Gambling Managers
11-9072,"Entertainment and recreation managers, except gambling",43.2,46.5,3.3,7.7,5.5,8.6,Bachelor's degree,Less than 5 years,,77180.0,87060.0,45320.0,58380.0,101750.0,134680.0,37.11,41.86,21.79,28.07,48.92,64.75,36700.0,"Entertainment and Recreation Managers, Except Gambling"
11-9081,Lodging managers,52.0,53.8,1.8,3.4,5.4,19.1,High school diploma or equivalent,Less than 5 years,,68130.0,77460.0,39490.0,50040.0,90670.0,126990.0,32.76,37.24,18.99,24.06,43.59,61.05,41350.0,Lodging Managers
11-9111,Medical and health services managers,616.2,759.1,142.9,23.2,62.1,5.1,Bachelor's degree,Less than 5 years,,117960.0,137730.0,69680.0,88560.0,162420.0,219080.0,56.71,66.22,33.5,42.58,78.09,105.33,565840.0,Medical and Health Services Managers
11-9121,Natural sciences managers,104.3,108.2,3.9,3.7,8.5,,Bachelor's degree,5 years or more,,161180.0,173500.0,79830.0,114110.0,214820.0,,77.49,83.41,38.38,54.86,103.28,,100870.0,Natural Sciences Managers
11-9131,Postmasters and mail superintendents,13.1,12.7,-0.5,-3.5,0.9,,High school diploma or equivalent,Less than 5 years,Moderate-term on-the-job training,92730.0,93760.0,81430.0,87150.0,99590.0,109140.0,44.58,45.08,39.15,41.9,47.88,52.47,13810.0,Postmasters and Mail Superintendents
11-9141,"Property, real estate, and community association managers",466.1,483.1,17.0,3.6,39.0,34.0,High school diploma or equivalent,Less than 5 years,Short-term on-the-job training,66700.0,82720.0,39360.0,49530.0,95760.0,141040.0,32.07,39.77,18.92,23.81,46.04,67.81,296640.0,"Property, Real Estate, and Community Association Managers"
11-9151,Social and community service managers,219.8,233.9,14.1,6.4,18.6,5.6,Bachelor's degree,Less than 5 years,,78240.0,86100.0,50020.0,62420.0,100600.0,129820.0,37.61,41.39,24.05,30.01,48.36,62.41,195490.0,Social and Community Service Managers
11-9161,Emergency management directors,13.2,13.6,0.4,3.0,1.0,,Bachelor's degree,5 years or more,,86130.0,97700.0,51260.0,64470.0,119690.0,160420.0,41.41,46.97,24.64,30.99,57.54,77.12,12570.0,Emergency Management Directors
11-9171,Funeral home managers,32.1,33.4,1.3,4.1,2.6,56.1,Associate's degree,Less than 5 years,,76830.0,85650.0,45820.0,59780.0,99330.0,132470.0,36.94,41.18,22.03,28.74,47.75,63.69,13120.0,Funeral Home Managers
11-9179,"Personal service managers, all other",25.1,26.7,1.6,6.5,2.1,54.3,High school diploma or equivalent,Less than 5 years,,61340.0,70620.0,36880.0,47670.0,82890.0,111130.0,29.49,33.95,17.73,22.92,39.85,53.43,10490.0,"Personal Service Managers, All Other"
11-9199,"Managers, all other",1333.7,1393.5,59.8,4.5,106.7,48.6,Bachelor's degree,Less than 5 years,,136550.0,149890.0,68860.0,100010.0,179190.0,227590.0,65.65,72.06,33.11,48.08,86.15,109.42,630980.0,"Managers, All Other"
13-1011,"Agents and business managers of artists, performers, and athletes",21.4,23.2,1.9,8.7,2.2,26.1,Bachelor's degree,Less than 5 years,,96310.0,165600.0,48530.0,63100.0,168850.0,,46.3,79.62,23.33,30.34,81.18,,14220.0,"Agents and Business Managers of Artists, Performers, and Athletes"
13-1020,Buyers and purchasing agents,522.2,552.3,30.1,5.8,52.2,4.7,Bachelor's degree,,Moderate-term on-the-job training,75650.0,81720.0,46460.0,58670.0,99190.0,127520.0,36.37,39.29,22.34,28.21,47.69,61.31,486900.0,Buyers and Purchasing Agents
13-1031,"Claims adjusters, examiners, and investigators",356.1,337.9,-18.2,-5.1,21.1,2.2,High school diploma or equivalent,,Long-term on-the-job training,76790.0,78770.0,47810.0,60100.0,95990.0,112150.0,36.92,37.87,22.99,28.89,46.15,53.92,305020.0,"Claims Adjusters, Examiners, and Investigators"
13-1032,"Insurance appraisers, auto damage",9.2,8.4,-0.8,-8.2,0.5,2.7,Postsecondary nondegree award,,Moderate-term on-the-job training,76650.0,77050.0,56690.0,64280.0,86430.0,101800.0,36.85,37.04,27.26,30.9,41.55,48.94,7790.0,"Insurance Appraisers, Auto Damage"
13-1041,Compliance officers,418.0,430.3,12.3,3.0,33.3,0.4,Bachelor's degree,,Moderate-term on-the-job training,78420.0,84980.0,46230.0,59130.0,104800.0,130030.0,37.7,40.86,22.22,28.43,50.39,62.52,397770.0,Compliance Officers
13-1051,Cost estimators,221.4,212.1,-9.3,-4.2,16.9,0.3,Bachelor's degree,,Moderate-term on-the-job training,77070.0,83160.0,46330.0,59830.0,99630.0,128640.0,37.05,39.98,22.27,28.77,47.9,61.85,219530.0,Cost Estimators
13-1071,Human resources specialists,944.3,1002.7,58.4,6.2,81.8,0.5,Bachelor's degree,,,72910.0,79730.0,45440.0,55870.0,97270.0,126540.0,35.05,38.33,21.85,26.86,46.77,60.84,917460.0,Human Resources Specialists
13-1074,Farm labor contractors,3.9,4.2,0.2,6.0,0.3,,No formal educational credential,Less than 5 years,Short-term on-the-job training,48690.0,51910.0,29800.0,32860.0,58250.0,86860.0,23.41,24.96,14.33,15.8,28.0,41.76,410.0,Farm Labor Contractors
13-1075,Labor relations specialists,65.4,65.4,-0.1,-0.1,5.1,0.5,Bachelor's degree,Less than 5 years,,93500.0,97130.0,49880.0,67670.0,123090.0,153440.0,44.95,46.7,23.98,32.54,59.18,73.77,64590.0,Labor Relations Specialists
13-1081,Logisticians,241.0,281.3,40.3,16.7,26.4,0.3,Bachelor's degree,,,80880.0,87600.0,49260.0,62920.0,104330.0,132110.0,38.89,42.12,23.68,30.25,50.16,63.51,235640.0,Logisticians
13-1082,Project management specialists,1046.3,1105.0,58.7,5.6,78.2,1.8,Bachelor's degree,,,100750.0,108100.0,59830.0,76950.0,131660.0,165790.0,48.44,51.97,28.77,36.99,63.3,79.71,1006160.0,Project Management Specialists
13-1111,Management analysts,1075.1,1169.7,94.5,8.8,98.1,13.7,Bachelor's degree,Less than 5 years,,101190.0,114710.0,59720.0,76770.0,133140.0,174140.0,48.65,55.15,28.71,36.91,64.01,83.72,893900.0,Management Analysts
13-1121,"Meeting, convention, and event planners",155.8,163.3,7.5,4.8,15.5,5.1,Bachelor's degree,,,59440.0,65090.0,35990.0,45610.0,77150.0,101310.0,28.58,31.29,17.3,21.93,37.09,48.71,134670.0,"Meeting, Convention, and Event Planners"
13-1131,Fundraisers,134.4,140.2,5.8,4.3,10.2,1.9,Bachelor's degree,,,66490.0,73130.0,43200.0,52590.0,85280.0,106960.0,31.97,35.16,20.77,25.28,41.0,51.42,105930.0,Fundraisers
13-1141,"Compensation, benefits, and job analysis specialists",107.0,112.7,5.6,5.3,8.5,,Bachelor's degree,Less than 5 years,,77020.0,82920.0,48300.0,59700.0,99210.0,128830.0,37.03,39.86,23.22,28.7,47.7,61.94,102370.0,"Compensation, Benefits, and Job Analysis Specialists"
13-1151,Training and development specialists,452.3,501.0,48.7,10.8,43.9,0.5,Bachelor's degree,Less than 5 years,,65850.0,73760.0,37510.0,48900.0,91550.0,120190.0,31.66,35.46,18.03,23.51,44.02,57.78,436610.0,Training and Development Specialists
13-1161,Market research analysts and marketing specialists,941.7,1004.7,63.0,6.7,87.2,5.9,Bachelor's degree,,,76950.0,86480.0,42070.0,56220.0,104870.0,144610.0,37.0,41.58,20.23,27.03,50.42,69.52,861140.0,Market Research Analysts and Marketing Specialists
13-1199,"Business operations specialists, all other",1205.7,1242.0,36.3,3.0,108.2,1.4,Bachelor's degree,,,81270.0,92380.0,46230.0,60820.0,110030.0,147830.0,39.07,44.41,22.23,29.24,52.9,71.07,1128200.0,"Business Operations Specialists, All Other"
13-2011,Accountants and auditors,1579.8,1652.6,72.8,4.6,124.2,4.6,Bachelor's degree,,,81680.0,93520.0,52780.0,64660.0,106450.0,141420.0,39.27,44.96,25.38,31.09,51.18,67.99,1448290.0,Accountants and Auditors
13-2020,Property appraisers and assessors,77.3,80.2,2.9,3.8,6.3,21.1,Bachelor's degree,,Long-term on-the-job training,65420.0,77160.0,38480.0,49310.0,90810.0,122760.0,31.45,37.1,18.5,23.71,43.66,59.02,59070.0,Property Appraisers and Assessors
13-2031,Budget analysts,50.4,51.0,0.5,1.0,3.1,,Bachelor's degree,,,87930.0,93920.0,60510.0,72240.0,110380.0,134640.0,42.27,45.15,29.09,34.73,53.07,64.73,47170.0,Budget Analysts
13-2041,Credit analysts,67.8,64.8,-3.0,-4.4,3.7,,Bachelor's degree,,,80970.0,98040.0,52930.0,63850.0,113850.0,168840.0,38.93,47.14,25.45,30.7,54.74,81.17,67370.0,Credit Analysts
13-2051,Financial and investment analysts,368.5,389.6,21.1,5.7,25.1,5.0,Bachelor's degree,,,101350.0,116490.0,62410.0,78300.0,132050.0,180550.0,48.73,56.01,30.0,37.64,63.49,86.8,340580.0,Financial and Investment Analysts
13-2052,Personal financial advisors,326.0,357.2,31.2,9.6,24.1,15.8,Bachelor's degree,,Long-term on-the-job training,102140.0,160210.0,49990.0,70620.0,172540.0,,49.11,77.02,24.03,33.95,82.95,,270480.0,Personal Financial Advisors
13-2053,Insurance underwriters,127.0,123.7,-3.3,-2.6,8.2,,Bachelor's degree,,Moderate-term on-the-job training,79880.0,90830.0,51640.0,63070.0,104820.0,138020.0,38.4,43.67,24.83,30.32,50.4,66.36,107820.0,Insurance Underwriters
13-2054,Financial risk specialists,60.5,64.4,3.9,6.5,4.8,4.0,Bachelor's degree,,,106000.0,119930.0,62270.0,80280.0,145020.0,182310.0,50.96,57.66,29.94,38.6,69.72,87.65,56320.0,Financial Risk Specialists
13-2061,Financial examiners,65.1,77.2,12.1,18.5,5.7,0.4,Bachelor's degree,,Long-term on-the-job training,90400.0,103650.0,53420.0,66800.0,127210.0,171540.0,43.46,49.83,25.69,32.11,61.16,82.47,62830.0,Financial Examiners
13-2071,Credit counselors,31.8,32.9,1.1,3.3,2.2,1.4,Bachelor's degree,,Moderate-term on-the-job training,50480.0,55890.0,38980.0,45420.0,61760.0,77920.0,24.27,26.87,18.74,21.84,29.69,37.46,28110.0,Credit Counselors
13-2072,Loan officers,301.4,306.5,5.0,1.7,20.3,2.1,Bachelor's degree,Less than 5 years,Moderate-term on-the-job training,74180.0,86020.0,38490.0,50460.0,101920.0,145780.0,35.66,41.35,18.51,24.26,49.0,70.09,290530.0,Loan Officers
13-2081,"Tax examiners and collectors, and revenue agents",57.6,56.5,-1.0,-1.8,4.3,,Bachelor's degree,,Moderate-term on-the-job training,59740.0,67570.0,40020.0,46820.0,79330.0,110300.0,28.72,32.49,19.24,22.51,38.14,53.03,53530.0,"Tax Examiners and Collectors, and Revenue Agents"
13-2082,Tax preparers,90.6,94.7,4.1,4.5,10.4,15.5,High school diploma or equivalent,,Moderate-term on-the-job training,50560.0,58860.0,30500.0,37750.0,75590.0,96240.0,24.31,28.3,14.66,18.15,36.34,46.27,73570.0,Tax Preparers
13-2099,"Financial specialists, all other",137.1,141.4,4.3,3.1,10.3,2.9,Bachelor's degree,,,80190.0,93890.0,46420.0,60140.0,109120.0,151780.0,38.55,45.14,22.32,28.91,52.46,72.97,127450.0,"Financial Specialists, All Other"
15-1211,Computer systems analysts,521.1,566.5,45.5,8.7,34.2,2.2,Bachelor's degree,,,103790.0,111960.0,63160.0,80900.0,132360.0,166030.0,49.9,53.83,30.36,38.89,63.64,79.82,497800.0,Computer Systems Analysts
15-1212,Information security analysts,182.8,234.9,52.1,28.5,16.0,0.6,Bachelor's degree,Less than 5 years,,124910.0,127730.0,69660.0,92160.0,159600.0,186420.0,60.05,61.41,33.49,44.31,76.73,89.63,179430.0,Information Security Analysts
15-1221,Computer and information research scientists,40.3,48.3,7.9,19.7,3.2,0.9,Master's degree,,,140910.0,152310.0,80670.0,102710.0,181210.0,232120.0,67.74,73.23,38.78,49.38,87.12,111.6,38480.0,Computer and Information Research Scientists
15-1231,Computer network support specialists,152.7,155.5,2.8,1.8,9.6,2.0,Associate's degree,,Moderate-term on-the-job training,73340.0,79610.0,46010.0,56720.0,95710.0,124470.0,35.26,38.27,22.12,27.27,46.01,59.84,146450.0,Computer Network Support Specialists
15-1232,Computer user support specialists,729.5,702.5,-27.0,-3.7,40.8,2.0,"Some college, no degree",,Moderate-term on-the-job training,60340.0,64990.0,38780.0,47580.0,77010.0,98010.0,29.01,31.25,18.65,22.87,37.02,47.12,697210.0,Computer User Support Specialists
15-1241,Computer network architects,179.2,200.6,21.4,11.9,11.2,0.4,Bachelor's degree,5 years or more,,130390.0,135890.0,79520.0,102120.0,164440.0,198030.0,62.69,65.33,38.23,49.1,79.06,95.21,177010.0,Computer Network Architects
15-1242,Database administrators,78.0,77.5,-0.5,-0.7,3.8,1.2,Bachelor's degree,,,104620.0,107440.0,56820.0,76100.0,132850.0,160890.0,50.3,51.65,27.32,36.59,63.87,77.35,73180.0,Database Administrators
15-1243,Database architects,66.9,72.7,5.8,8.7,4.0,1.4,Bachelor's degree,Less than 5 years,,135980.0,142620.0,81630.0,107900.0,169480.0,209990.0,65.37,68.57,39.24,51.88,81.48,100.96,64770.0,Database Architects
15-1244,Network and computer systems administrators,331.5,317.7,-13.8,-4.2,14.3,0.3,Bachelor's degree,,,96800.0,101190.0,60320.0,75860.0,123390.0,150320.0,46.54,48.65,29.0,36.47,59.32,72.27,318570.0,Network and Computer Systems Administrators
15-1251,Computer programmers,121.2,113.9,-7.2,-6.0,5.5,6.2,Bachelor's degree,,,98670.0,103640.0,52190.0,71860.0,128960.0,162090.0,47.44,49.83,25.09,34.55,62.0,77.93,109870.0,Computer Programmers
15-1252,Software developers,1693.8,1961.4,267.7,15.8,115.2,1.6,Bachelor's degree,,,133080.0,144570.0,79850.0,103050.0,169000.0,211450.0,63.98,69.5,38.39,49.55,81.25,101.66,1654440.0,Software Developers
15-1253,Software quality assurance analysts and testers,201.7,221.9,20.2,10.0,14.0,0.1,Bachelor's degree,,,102610.0,110260.0,60690.0,79520.0,131870.0,166960.0,49.33,53.01,29.18,38.23,63.4,80.27,199800.0,Software Quality Assurance Analysts and Testers
15-1254,Web developers,86.0,92.5,6.5,7.5,5.4,5.3,Bachelor's degree,,,90930.0,98790.0,48560.0,63140.0,124300.0,162870.0,43.72,47.5,23.35,30.36,59.76,78.3,78860.0,Web Developers
15-1255,Web and digital interface designers,128.9,137.9,9.0,7.0,9.1,10.1,Bachelor's degree,,,98090.0,111450.0,47840.0,64990.0,141860.0,192180.0,47.16,53.58,23.0,31.25,68.2,92.39,111400.0,Web and Digital Interface Designers
15-1299,"Computer occupations, all other",472.0,510.5,38.5,8.2,31.3,3.9,Bachelor's degree,,,108970.0,116700.0,52650.0,76360.0,147530.0,176800.0,52.39,56.11,25.31,36.71,70.93,85.0,439380.0,"Computer Occupations, All Other"
15-2011,Actuaries,33.6,40.9,7.3,21.8,2.4,,Bachelor's degree,,Long-term on-the-job training,125770.0,134990.0,75240.0,90970.0,164860.0,206430.0,60.47,64.9,36.18,43.73,79.26,99.24,28340.0,Actuaries
15-2021,Mathematicians,2.4,2.4,0.0,-0.7,0.1,,Master's degree,,,121680.0,122520.0,63430.0,85720.0,153340.0,187660.0,58.5,58.91,30.5,41.21,73.72,90.22,2220.0,Mathematicians
15-2031,Operations research analysts,112.1,136.2,24.1,21.5,9.6,,Bachelor's degree,,,91290.0,99120.0,53910.0,66910.0,124120.0,159280.0,43.89,47.66,25.92,32.17,59.67,76.58,107760.0,Operations Research Analysts
15-2041,Statisticians,32.2,34.9,2.7,8.5,2.0,1.3,Master's degree,,,103300.0,112330.0,60390.0,79210.0,137610.0,170700.0,49.66,54.01,29.04,38.08,66.16,82.07,29800.0,Statisticians
15-2051,Data scientists,245.9,328.3,82.5,33.5,23.4,1.8,Bachelor's degree,,,112590.0,124590.0,63650.0,82630.0,155810.0,194410.0,54.13,59.9,30.6,39.73,74.91,93.47,233440.0,Data Scientists
15-2099,"Mathematical science occupations, all other",5.0,5.2,0.2,4.0,0.3,1.4,Bachelor's degree,,,71490.0,84700.0,40330.0,52440.0,101920.0,154140.0,34.37,40.72,19.39,25.21,49.0,74.11,4660.0,"Mathematical Science Occupations, All Other"
17-1011,"Architects, except landscape and naval",123.6,128.4,4.8,3.9,7.8,10.5,Bachelor's degree,,Internship/residency,96690.0,103390.0,60510.0,76110.0,123300.0,159800.0,46.49,49.71,29.09,36.59,59.28,76.83,111140.0,"Architects, Except Landscape and Naval"
17-1012,Landscape architects,21.8,22.6,0.8,3.5,1.7,10.4,Bachelor's degree,,Internship/residency,79660.0,88000.0,51990.0,62650.0,101580.0,132250.0,38.3,42.31,25.0,30.12,48.84,63.58,19580.0,Landscape Architects
17-1021,Cartographers and photogrammetrists,13.4,14.3,0.9,6.4,1.0,2.3,Bachelor's degree,,,78380.0,82860.0,50500.0,62860.0,99650.0,121440.0,37.68,39.84,24.28,30.22,47.91,58.39,12790.0,Cartographers and Photogrammetrists
17-1022,Surveyors,56.1,58.6,2.5,4.4,3.9,4.3,Bachelor's degree,,Internship/residency,72740.0,76730.0,43680.0,53590.0,94550.0,116330.0,34.97,36.89,21.0,25.76,45.46,55.93,53080.0,Surveyors
17-2011,Aerospace engineers,71.6,75.9,4.4,6.1,4.5,2.6,Bachelor's degree,,,134830.0,141180.0,85350.0,104740.0,174480.0,205850.0,64.82,67.88,41.04,50.36,83.88,98.97,68440.0,Aerospace Engineers
17-2021,Agricultural engineers,1.7,1.8,0.1,5.9,0.1,,Bachelor's degree,,,84630.0,84240.0,43020.0,49930.0,103940.0,132700.0,40.69,40.5,20.68,24.01,49.97,63.8,1680.0,Agricultural Engineers
17-2031,Bioengineers and biomedical engineers,22.2,23.3,1.1,5.2,1.3,0.2,Bachelor's degree,,,106950.0,115020.0,71860.0,86630.0,133570.0,165060.0,51.42,55.3,34.55,41.65,64.22,79.36,21860.0,Bioengineers and Biomedical Engineers
17-2041,Chemical engineers,21.6,22.1,0.6,2.6,1.1,5.1,Bachelor's degree,,,121860.0,128430.0,78520.0,96040.0,152290.0,182150.0,58.59,61.75,37.75,46.17,73.22,87.57,20330.0,Chemical Engineers
17-2051,Civil engineers,368.9,387.5,18.5,5.0,23.6,1.3,Bachelor's degree,,,99590.0,107050.0,65920.0,78790.0,128290.0,160990.0,47.88,51.47,31.69,37.88,61.68,77.4,355410.0,Civil Engineers
17-2061,Computer hardware engineers,76.8,82.4,5.6,7.3,4.7,1.1,Bachelor's degree,,,155020.0,156770.0,85430.0,115500.0,185380.0,223820.0,74.53,75.37,41.07,55.53,89.12,107.61,75710.0,Computer Hardware Engineers
17-2071,Electrical engineers,192.0,205.7,13.8,7.2,11.7,1.0,Bachelor's degree,,,111910.0,120980.0,74670.0,87590.0,141630.0,175460.0,53.8,58.16,35.9,42.11,68.09,84.36,188790.0,Electrical Engineers
17-2072,"Electronics engineers, except computer",95.9,101.8,6.0,6.2,5.7,0.9,Bachelor's degree,,,127590.0,132500.0,79390.0,98920.0,164000.0,199060.0,61.34,63.7,38.17,47.56,78.85,95.7,93940.0,"Electronics Engineers, Except Computer"
17-2081,Environmental engineers,39.4,41.0,1.5,3.9,3.0,1.0,Bachelor's degree,,,104170.0,110570.0,64950.0,80510.0,130830.0,161910.0,50.08,53.16,31.23,38.71,62.9,77.84,37950.0,Environmental Engineers
17-2111,"Health and safety engineers, except mining safety engineers and inspectors",23.8,24.9,1.1,4.4,1.5,,Bachelor's degree,,,109660.0,113770.0,62050.0,85400.0,136150.0,166670.0,52.72,54.7,29.83,41.06,65.46,80.13,23220.0,"Health and Safety Engineers, Except Mining Safety Engineers and Inspectors"
17-2112,Industrial engineers,351.1,389.6,38.5,11.0,25.2,0.2,Bachelor's degree,,,101140.0,107900.0,70000.0,81910.0,127480.0,157140.0,48.63,51.87,33.66,39.38,61.29,75.55,350230.0,Industrial Engineers
17-2121,Marine engineers and naval architects,8.5,9.0,0.5,5.8,0.6,,Bachelor's degree,,,105670.0,116680.0,79700.0,88480.0,133780.0,167660.0,50.8,56.1,38.32,42.54,64.32,80.61,8440.0,Marine Engineers and Naval Architects
17-2131,Materials engineers,23.0,24.3,1.3,5.7,1.5,,Bachelor's degree,,,108310.0,116380.0,68040.0,85820.0,138370.0,172000.0,52.07,55.95,32.71,41.26,66.52,82.69,22770.0,Materials Engineers
17-2141,Mechanical engineers,293.1,319.6,26.5,9.1,18.1,1.2,Bachelor's degree,,,102320.0,110080.0,68740.0,81800.0,130290.0,161240.0,49.19,52.92,33.05,39.33,62.64,77.52,286760.0,Mechanical Engineers
17-2151,"Mining and geological engineers, including mining safety engineers",7.0,7.0,0.0,0.7,0.4,1.7,Bachelor's degree,,,101020.0,108940.0,62500.0,81040.0,129860.0,163740.0,48.57,52.37,30.05,38.96,62.44,78.72,6770.0,"Mining and Geological Engineers, Including Mining Safety Engineers"
17-2161,Nuclear engineers,15.4,15.3,-0.2,-1.1,0.8,2.4,Bachelor's degree,,,127520.0,134980.0,88290.0,103010.0,157600.0,187430.0,61.31,64.89,42.45,49.53,75.77,90.11,14740.0,Nuclear Engineers
17-2171,Petroleum engineers,19.6,19.8,0.2,1.3,1.2,1.7,Bachelor's degree,,,141280.0,153560.0,78840.0,107330.0,191100.0,228790.0,67.92,73.83,37.9,51.6,91.87,110.0,18970.0,Petroleum Engineers
17-2199,"Engineers, all other",158.8,162.1,3.3,2.1,9.3,2.1,Bachelor's degree,,,117750.0,121720.0,62840.0,85750.0,152670.0,183510.0,56.61,58.52,30.21,41.23,73.4,88.22,150750.0,"Engineers, All Other"
17-3011,Architectural and civil drafters,110.5,115.1,4.6,4.1,10.0,0.7,Associate's degree,,,64280.0,68860.0,44040.0,52880.0,79510.0,98190.0,30.9,33.11,21.17,25.42,38.23,47.21,109550.0,Architectural and Civil Drafters
17-3012,Electrical and electronics drafters,21.6,20.4,-1.2,-5.6,1.7,6.6,Associate's degree,,,73720.0,77960.0,48680.0,58800.0,91780.0,110180.0,35.44,37.48,23.41,28.27,44.12,52.97,20020.0,Electrical and Electronics Drafters
17-3013,Mechanical drafters,42.9,40.1,-2.8,-6.5,3.3,6.6,Associate's degree,,,68510.0,74040.0,46500.0,56470.0,85580.0,107600.0,32.94,35.59,22.36,27.15,41.14,51.73,39900.0,Mechanical Drafters
17-3019,"Drafters, all other",17.1,15.9,-1.2,-6.9,1.3,6.5,Associate's degree,,,62010.0,66530.0,42170.0,50970.0,77750.0,96620.0,29.81,31.99,20.28,24.51,37.38,46.45,16010.0,"Drafters, All Other"
17-3021,Aerospace engineering and operations technologists and technicians,9.3,10.1,0.8,8.1,0.9,1.4,Associate's degree,,,79830.0,86330.0,53730.0,64570.0,102220.0,120440.0,38.38,41.5,25.83,31.04,49.14,57.91,9060.0,Aerospace Engineering and Operations Technologists and Technicians
17-3022,Civil engineering technologists and technicians,64.9,66.2,1.4,2.1,5.5,0.8,Associate's degree,,,64200.0,68450.0,43550.0,51730.0,79550.0,97840.0,30.86,32.91,20.94,24.87,38.24,47.04,62130.0,Civil Engineering Technologists and Technicians
17-3023,Electrical and electronic engineering technologists and technicians,93.7,94.3,0.6,0.6,8.4,0.1,Associate's degree,,,77180.0,78580.0,48250.0,60610.0,94810.0,111790.0,37.11,37.78,23.2,29.14,45.58,53.75,92710.0,Electrical and Electronic Engineering Technologists and Technicians
17-3024,Electro-mechanical and mechatronics technologists and technicians,15.0,15.1,0.2,1.1,1.3,1.5,Associate's degree,,,70760.0,75710.0,47770.0,58570.0,87320.0,109580.0,34.02,36.4,22.97,28.16,41.98,52.68,14680.0,Electro-Mechanical and Mechatronics Technologists and Technicians
17-3025,Environmental engineering technologists and technicians,12.9,13.0,0.1,1.2,1.1,1.2,Associate's degree,,,58890.0,63070.0,39670.0,48250.0,75290.0,92280.0,28.31,30.32,19.07,23.2,36.2,44.37,12500.0,Environmental Engineering Technologists and Technicians
17-3026,Industrial engineering technologists and technicians,74.6,75.9,1.3,1.7,6.3,1.5,Associate's degree,,,64790.0,69780.0,46370.0,53230.0,79040.0,97670.0,31.15,33.55,22.29,25.59,38.0,46.96,73410.0,Industrial Engineering Technologists and Technicians
17-3027,Mechanical engineering technologists and technicians,38.3,38.3,0.0,0.0,3.2,1.5,Associate's degree,,,68730.0,72450.0,46940.0,57330.0,82980.0,100890.0,33.04,34.83,22.57,27.56,39.89,48.51,37450.0,Mechanical Engineering Technologists and Technicians
17-3028,Calibration technologists and technicians,15.8,16.5,0.7,4.7,1.4,1.5,Associate's degree,,,65040.0,71080.0,44730.0,52250.0,83600.0,105440.0,31.27,34.18,21.51,25.12,40.19,50.69,15320.0,Calibration Technologists and Technicians
17-3029,"Engineering technologists and technicians, except drafters, all other",67.3,68.3,1.0,1.5,5.7,1.0,Associate's degree,,,77390.0,79740.0,47010.0,59700.0,97760.0,114630.0,37.21,38.34,22.6,28.7,47.0,55.11,64410.0,"Engineering Technologists and Technicians, Except Drafters, All Other"
17-3031,Surveying and mapping technicians,59.4,62.1,2.7,4.5,7.6,3.6,High school diploma or equivalent,,Moderate-term on-the-job training,51940.0,56890.0,36910.0,44180.0,65240.0,80870.0,24.97,27.35,17.75,21.24,31.37,38.88,56720.0,Surveying and Mapping Technicians
19-1011,Animal scientists,2.8,2.9,0.2,5.8,0.2,2.3,Bachelor's degree,,,79120.0,104970.0,48440.0,59610.0,128450.0,235750.0,38.04,50.47,23.29,28.66,61.75,113.34,2470.0,Animal Scientists
19-1012,Food scientists and technologists,15.2,16.2,1.0,6.5,1.2,3.3,Bachelor's degree,,,85310.0,92190.0,49580.0,65240.0,111700.0,141860.0,41.02,44.32,23.84,31.37,53.7,68.2,14370.0,Food Scientists and Technologists
19-1013,Soil and plant scientists,20.7,21.8,1.1,5.4,1.7,2.0,Bachelor's degree,,,71410.0,83040.0,45320.0,57950.0,98110.0,131440.0,34.33,39.92,21.79,27.86,47.17,63.19,16600.0,Soil and Plant Scientists
19-1021,Biochemists and biophysicists,35.6,37.6,2.1,5.8,2.9,1.7,Doctoral or professional degree,,,103650.0,115570.0,64890.0,78730.0,134460.0,168900.0,49.83,55.56,31.2,37.85,64.64,81.2,34520.0,Biochemists and Biophysicists
19-1022,Microbiologists,20.7,21.6,0.8,4.1,1.7,1.3,Bachelor's degree,,,87330.0,95200.0,51220.0,63920.0,120750.0,150650.0,41.98,45.77,24.63,30.73,58.05,72.43,19760.0,Microbiologists
19-1023,Zoologists and wildlife biologists,18.2,18.5,0.3,1.6,1.4,0.5,Bachelor's degree,,,72860.0,77920.0,48240.0,58360.0,90590.0,113350.0,35.03,37.46,23.19,28.06,43.55,54.5,16920.0,Zoologists and Wildlife Biologists
19-1029,"Biological scientists, all other",63.7,64.5,0.8,1.2,4.8,1.0,Bachelor's degree,,,93330.0,100440.0,54500.0,67950.0,121350.0,159780.0,44.87,48.29,26.2,32.67,58.34,76.82,59710.0,"Biological Scientists, All Other"
19-1031,Conservation scientists,28.5,29.5,1.0,3.4,2.5,3.5,Bachelor's degree,,,67950.0,74310.0,45260.0,53190.0,87980.0,107720.0,32.67,35.73,21.76,25.57,42.3,51.79,25590.0,Conservation Scientists
19-1032,Foresters,13.8,14.0,0.2,1.2,1.1,3.4,Bachelor's degree,,,70660.0,74670.0,49240.0,58810.0,85450.0,103220.0,33.97,35.9,23.68,28.27,41.08,49.62,9650.0,Foresters
19-1041,Epidemiologists,12.3,14.3,2.0,16.2,0.8,,Master's degree,,,83980.0,94160.0,56950.0,68040.0,106040.0,134860.0,40.38,45.27,27.38,32.71,50.98,64.84,11460.0,Epidemiologists
19-1042,"Medical scientists, except epidemiologists",165.3,179.6,14.3,8.7,9.6,0.6,Doctoral or professional degree,,,100590.0,112690.0,61860.0,77260.0,133870.0,168210.0,48.36,54.18,29.74,37.14,64.36,80.87,156300.0,"Medical Scientists, Except Epidemiologists"
19-1099,"Life scientists, all other",7.8,8.1,0.3,3.7,0.4,,Bachelor's degree,,,87800.0,101940.0,52360.0,66340.0,123720.0,168860.0,42.21,49.01,25.17,31.89,59.48,81.18,7320.0,"Life Scientists, All Other"
19-2011,Astronomers,1.8,1.8,0.0,2.2,0.1,5.4,Doctoral or professional degree,,,132170.0,134430.0,70730.0,94990.0,177690.0,191880.0,63.54,64.63,34.0,45.67,85.43,92.25,1560.0,Astronomers
19-2012,Physicists,24.6,25.6,1.0,4.0,1.7,8.7,Doctoral or professional degree,,,166290.0,166000.0,80020.0,117450.0,210260.0,,79.95,79.81,38.47,56.47,101.09,,21340.0,Physicists
19-2021,Atmospheric and space scientists,9.4,9.5,0.1,0.7,0.7,,Bachelor's degree,,,97450.0,103980.0,49990.0,69440.0,128940.0,160710.0,46.85,49.99,24.03,33.39,61.99,77.26,8780.0,Atmospheric and Space Scientists
19-2031,Chemists,86.8,91.0,4.3,4.9,6.3,1.0,Bachelor's degree,,,84150.0,95940.0,53210.0,63930.0,120210.0,154430.0,40.46,46.13,25.58,30.74,57.79,74.25,83250.0,Chemists
19-2032,Materials scientists,8.7,9.1,0.4,4.9,0.6,1.1,Bachelor's degree,,,104160.0,111410.0,61460.0,79980.0,134140.0,168500.0,50.08,53.56,29.55,38.45,64.49,81.01,8330.0,Materials Scientists
19-2041,"Environmental scientists and specialists, including health",90.3,94.3,4.0,4.4,8.5,1.5,Bachelor's degree,,,80060.0,88640.0,50130.0,62090.0,103730.0,134830.0,38.49,42.62,24.1,29.85,49.87,64.82,84930.0,"Environmental Scientists and Specialists, Including Health"
19-2042,"Geoscientists, except hydrologists and geographers",25.1,26.0,0.8,3.2,2.0,7.0,Bachelor's degree,,,99240.0,111310.0,58790.0,72440.0,134350.0,178880.0,47.71,53.52,28.27,34.83,64.59,86.0,22510.0,"Geoscientists, Except Hydrologists and Geographers"
19-2043,Hydrologists,6.3,6.3,0.0,-0.1,0.5,3.1,Bachelor's degree,,,92060.0,98130.0,60010.0,73330.0,114940.0,139420.0,44.26,47.18,28.85,35.25,55.26,67.03,5720.0,Hydrologists
19-2099,"Physical scientists, all other",31.9,32.1,0.2,0.6,2.0,17.5,Bachelor's degree,,,117960.0,123070.0,61990.0,82450.0,154900.0,191880.0,56.71,59.17,29.8,39.64,74.47,92.25,22580.0,"Physical Scientists, All Other"
19-3011,Economists,17.6,17.8,0.2,1.2,0.9,3.7,Master's degree,,,115440.0,130910.0,62340.0,82260.0,166030.0,212710.0,55.5,62.94,29.97,39.55,79.82,102.27,15880.0,Economists
19-3022,Survey researchers,8.8,8.3,-0.5,-5.2,0.7,4.0,Master's degree,,,63380.0,73470.0,36950.0,46110.0,85370.0,118730.0,30.47,35.32,17.77,22.17,41.04,57.08,7720.0,Survey Researchers
19-3032,Industrial-organizational psychologists,5.6,5.9,0.3,6.3,0.4,80.5,Master's degree,,Internship/residency,109840.0,134400.0,51880.0,80790.0,198170.0,224590.0,52.81,64.62,24.94,38.84,95.27,107.97,1050.0,Industrial-Organizational Psychologists
19-3033,Clinical and counseling psychologists,76.3,84.8,8.5,11.2,4.8,2.4,Doctoral or professional degree,,Internship/residency,95830.0,106850.0,50470.0,67470.0,131510.0,170150.0,46.07,51.37,24.26,32.44,63.23,81.8,72190.0,Clinical and Counseling Psychologists
19-3034,School psychologists,67.2,67.7,0.5,0.7,3.8,5.3,Master's degree,,Internship/residency,86930.0,93610.0,60880.0,73240.0,108210.0,132320.0,41.79,45.01,29.27,35.21,52.03,63.62,63830.0,School Psychologists
19-3039,"Psychologists, all other",55.3,57.7,2.4,4.3,3.9,65.9,Master's degree,,Internship/residency,117580.0,111340.0,51410.0,73820.0,145200.0,163570.0,56.53,53.53,24.71,35.49,69.81,78.64,17790.0,"Psychologists, All Other"
19-3041,Sociologists,3.4,3.6,0.1,3.6,0.3,3.0,Master's degree,,,101690.0,111670.0,60710.0,78150.0,134780.0,168590.0,48.89,53.69,29.19,37.57,64.8,81.05,2950.0,Sociologists
19-3051,Urban and regional planners,44.7,46.2,1.5,3.4,3.4,,Master's degree,,,83720.0,89730.0,55590.0,66210.0,104450.0,128550.0,40.25,43.14,26.73,31.83,50.22,61.8,43040.0,Urban and Regional Planners
19-3091,Anthropologists and archeologists,8.8,9.2,0.3,3.7,0.8,3.6,Master's degree,,,64910.0,71070.0,44510.0,51240.0,83080.0,104510.0,31.21,34.17,21.4,24.63,39.94,50.24,8070.0,Anthropologists and Archeologists
19-3092,Geographers,1.5,1.5,0.0,-3.1,0.1,,Bachelor's degree,,,97200.0,98160.0,62390.0,75590.0,117190.0,133680.0,46.73,47.19,30.0,36.34,56.34,64.27,1380.0,Geographers
19-3093,Historians,3.4,3.5,0.1,2.2,0.3,2.0,Master's degree,,,74050.0,78470.0,38630.0,55190.0,96330.0,128500.0,35.6,37.73,18.57,26.54,46.31,61.78,3140.0,Historians
19-3094,Political scientists,6.5,6.3,-0.2,-3.1,0.5,1.1,Master's degree,,,139380.0,137600.0,74750.0,103030.0,172050.0,191880.0,67.01,66.15,35.94,49.54,82.72,92.25,5950.0,Political Scientists
19-3099,"Social scientists and related workers, all other",40.8,40.1,-0.7,-1.7,3.2,1.3,Bachelor's degree,,,100340.0,106440.0,62570.0,79210.0,127880.0,160810.0,48.24,51.17,30.08,38.08,61.48,77.31,36970.0,"Social Scientists and Related Workers, All Other"
19-4012,Agricultural technicians,18.6,19.4,0.8,4.3,2.9,5.2,Associate's degree,,Moderate-term on-the-job training,46790.0,49680.0,32860.0,38480.0,59370.0,69010.0,22.49,23.88,15.8,18.5,28.55,33.18,14340.0,Agricultural Technicians
19-4013,Food science technicians,20.4,21.3,1.0,4.8,3.2,6.7,Associate's degree,,Moderate-term on-the-job training,49430.0,54400.0,37760.0,43990.0,60940.0,75100.0,23.76,26.15,18.15,21.15,29.3,36.11,14200.0,Food Science Technicians
19-4021,Biological technicians,82.7,85.6,2.9,3.5,9.1,,Bachelor's degree,,,52000.0,58020.0,38060.0,45380.0,66410.0,81990.0,25.0,27.89,18.3,21.82,31.93,39.42,76190.0,Biological Technicians
19-4031,Chemical technicians,57.0,59.0,2.1,3.7,6.7,0.7,Associate's degree,,Moderate-term on-the-job training,57790.0,61300.0,39030.0,46680.0,72940.0,90990.0,27.78,29.47,18.76,22.44,35.07,43.75,55640.0,Chemical Technicians
19-4042,"Environmental science and protection technicians, including health",40.4,42.1,1.6,4.0,5.6,,Associate's degree,,,49490.0,56770.0,36130.0,38050.0,64170.0,85630.0,23.79,27.29,17.37,18.29,30.85,41.17,39390.0,"Environmental Science and Protection Technicians, Including Health"
19-4043,"Geological technicians, except hydrologic technicians",9.8,10.0,0.1,1.5,1.3,,Associate's degree,,Moderate-term on-the-job training,48390.0,58220.0,32830.0,39200.0,64470.0,92210.0,23.27,27.99,15.78,18.85,31.0,44.33,9710.0,"Geological Technicians, Except Hydrologic Technicians"
19-4044,Hydrologic technicians,3.1,3.0,-0.1,-2.1,0.4,,Associate's degree,,Moderate-term on-the-job training,58570.0,64410.0,40330.0,47450.0,79790.0,94310.0,28.16,30.97,19.39,22.81,38.36,45.34,2940.0,Hydrologic Technicians
19-4051,Nuclear technicians,6.0,5.5,-0.5,-7.7,0.7,,Associate's degree,,Moderate-term on-the-job training,104240.0,100730.0,64370.0,83330.0,113710.0,126890.0,50.11,48.43,30.95,40.06,54.67,61.0,5990.0,Nuclear Technicians
19-4061,Social science research assistants,40.6,42.3,1.8,4.4,5.2,4.9,Bachelor's degree,,,58040.0,63560.0,36410.0,46190.0,73060.0,100620.0,27.9,30.56,17.5,22.21,35.13,48.38,32940.0,Social Science Research Assistants
19-4071,Forest and conservation technicians,33.8,32.7,-1.1,-3.2,3.9,0.7,Associate's degree,,,54310.0,56660.0,36190.0,42560.0,66020.0,80790.0,26.11,27.24,17.4,20.46,31.74,38.84,31080.0,Forest and Conservation Technicians
19-4092,Forensic science technicians,20.7,23.3,2.6,12.8,2.9,0.9,Bachelor's degree,,Moderate-term on-the-job training,67440.0,75260.0,45560.0,53310.0,88710.0,110710.0,32.42,36.18,21.91,25.63,42.65,53.23,19450.0,Forensic Science Technicians
19-4099,"Life, physical, and social science technicians, all other",83.2,86.2,2.9,3.5,10.6,4.9,Associate's degree,,,60130.0,64640.0,37310.0,46270.0,77990.0,101870.0,28.91,31.08,17.94,22.25,37.5,48.98,71400.0,"Life, Physical, and Social Science Technicians, All Other"
19-5011,Occupational health and safety specialists,131.9,148.4,16.5,12.5,14.9,0.1,Bachelor's degree,,,83910.0,88660.0,50610.0,64410.0,105390.0,130460.0,40.34,42.63,24.33,30.96,50.67,62.72,128430.0,Occupational Health and Safety Specialists
19-5012,Occupational health and safety technicians,31.9,34.6,2.7,8.5,3.4,,High school diploma or equivalent,,Moderate-term on-the-job training,58440.0,63800.0,40550.0,49510.0,74810.0,94670.0,28.1,30.67,19.5,23.81,35.97,45.51,31450.0,Occupational Health and Safety Technicians
21-1012,"Educational, guidance, and career counselors and advisors",376.3,389.6,13.3,3.5,31.0,0.6,Master's degree,,,65140.0,71520.0,43580.0,51690.0,83490.0,105870.0,31.32,34.38,20.95,24.85,40.14,50.9,342350.0,"Educational, Guidance, and Career Counselors and Advisors"
21-1013,Marriage and family therapists,77.8,87.7,9.8,12.6,7.7,12.8,Master's degree,,Internship/residency,63780.0,72720.0,42610.0,48600.0,85020.0,111610.0,30.66,34.96,20.49,23.36,40.87,53.66,65870.0,Marriage and Family Therapists
21-1015,Rehabilitation counselors,91.9,93.2,1.3,1.4,10.0,,Master's degree,,,46110.0,51260.0,34480.0,38700.0,59040.0,77200.0,22.17,24.64,16.58,18.61,28.39,37.12,88930.0,Rehabilitation Counselors
21-1018,"Substance abuse, behavioral disorder, and mental health counselors",483.5,564.6,81.0,16.8,48.3,5.9,Master's degree,,Internship/residency,59190.0,65100.0,39090.0,47170.0,76230.0,98210.0,28.46,31.3,18.79,22.68,36.65,47.22,440380.0,"Substance Abuse, Behavioral Disorder, and Mental Health Counselors"
21-1019,"Counselors, all other",69.1,77.8,8.7,12.6,7.4,48.2,Master's degree,,,49830.0,58070.0,36160.0,42760.0,66510.0,91420.0,23.96,27.92,17.39,20.56,31.98,43.95,33340.0,"Counselors, All Other"
21-1021,"Child, family, and school social workers",399.9,413.3,13.4,3.4,35.1,0.2,Bachelor's degree,,,58570.0,62920.0,40580.0,47480.0,74060.0,94030.0,28.16,30.25,19.51,22.83,35.61,45.21,382960.0,"Child, Family, and School Social Workers"
21-1022,Healthcare social workers,193.2,208.1,14.8,7.7,18.4,0.3,Master's degree,,Internship/residency,68090.0,72030.0,45030.0,55360.0,83410.0,100870.0,32.74,34.63,21.65,26.62,40.1,48.5,185940.0,Healthcare Social Workers
21-1023,Mental health and substance abuse social workers,136.8,150.1,13.3,9.7,13.5,4.8,Master's degree,,Internship/residency,60060.0,68290.0,39620.0,46550.0,78980.0,104130.0,28.88,32.83,19.05,22.38,37.97,50.06,125910.0,Mental Health and Substance Abuse Social Workers
21-1029,"Social workers, all other",81.0,84.1,3.1,3.9,7.0,14.5,Bachelor's degree,,,69480.0,74680.0,44530.0,52010.0,95390.0,112740.0,33.4,35.91,21.41,25.01,45.86,54.2,64940.0,"Social Workers, All Other"
21-1091,Health education specialists,71.8,75.0,3.2,4.5,7.9,0.6,Bachelor's degree,,,63000.0,71700.0,42210.0,49880.0,84460.0,112900.0,30.29,34.47,20.3,23.98,40.6,54.28,65150.0,Health Education Specialists
21-1092,Probation officers and correctional treatment specialists,92.3,94.8,2.4,2.6,7.9,,Bachelor's degree,,Moderate-term on-the-job training,64520.0,71530.0,45390.0,52580.0,84030.0,106290.0,31.02,34.39,21.82,25.28,40.4,51.1,86820.0,Probation Officers and Correctional Treatment Specialists
21-1093,Social and human service assistants,449.6,478.5,28.9,6.4,50.6,0.3,High school diploma or equivalent,,Short-term on-the-job training,45120.0,47090.0,33280.0,37770.0,53040.0,63850.0,21.69,22.64,16.0,18.16,25.5,30.7,424220.0,Social and Human Service Assistants
21-1094,Community health workers,65.1,72.5,7.4,11.3,7.8,0.8,High school diploma or equivalent,,Short-term on-the-job training,51030.0,55970.0,37930.0,44370.0,63150.0,78560.0,24.54,26.91,18.24,21.33,30.36,37.77,60730.0,Community Health Workers
21-1099,"Community and social service specialists, all other",119.2,124.7,5.5,4.6,13.1,0.6,Bachelor's degree,,,54940.0,58360.0,36470.0,45420.0,67590.0,83210.0,26.41,28.06,17.53,21.84,32.5,40.0,110390.0,"Community and Social Service Specialists, All Other"
21-2011,Clergy,262.0,264.6,2.6,1.0,23.0,5.7,Bachelor's degree,,Moderate-term on-the-job training,60820.0,67160.0,37140.0,47220.0,76340.0,99720.0,29.24,32.29,17.86,22.7,36.7,47.94,58080.0,Clergy
21-2021,"Directors, religious activities and education",138.9,141.8,2.9,2.1,13.8,0.2,Bachelor's degree,Less than 5 years,,54840.0,65040.0,33990.0,42210.0,74990.0,106530.0,26.37,31.27,16.34,20.29,36.05,51.22,21460.0,"Directors, Religious Activities and Education"
21-2099,"Religious workers, all other",88.4,89.0,0.6,0.6,11.1,6.5,Bachelor's degree,,,45120.0,49830.0,29120.0,34700.0,60310.0,75920.0,21.69,23.96,14.0,16.69,28.99,36.5,12170.0,"Religious Workers, All Other"
23-1011,Lawyers,864.8,900.7,35.9,4.1,31.5,11.9,Doctoral or professional degree,,,151160.0,182760.0,72780.0,99760.0,215420.0,,72.67,87.86,34.99,47.96,103.57,,747750.0,Lawyers
23-1012,Judicial law clerks,14.5,14.9,0.4,2.5,1.0,2.7,Doctoral or professional degree,,,60400.0,69850.0,42000.0,49840.0,78060.0,113150.0,29.04,33.58,20.19,23.96,37.53,54.4,13220.0,Judicial Law Clerks
23-1021,"Administrative law judges, adjudicators, and hearing officers",17.5,17.4,-0.1,-0.7,0.5,,Doctoral or professional degree,5 years or more,Short-term on-the-job training,115230.0,122620.0,56970.0,76920.0,161290.0,203990.0,55.4,58.95,27.39,36.98,77.55,98.07,16230.0,"Administrative Law Judges, Adjudicators, and Hearing Officers"
23-1022,"Arbitrators, mediators, and conciliators",9.1,9.5,0.4,4.3,0.3,9.1,Bachelor's degree,Less than 5 years,Moderate-term on-the-job training,67710.0,91170.0,46200.0,60030.0,101010.0,133480.0,32.55,43.83,22.21,28.86,48.56,64.18,7860.0,"Arbitrators, Mediators, and Conciliators"
23-1023,"Judges, magistrate judges, and magistrates",27.3,28.0,0.7,2.5,0.9,,Doctoral or professional degree,5 years or more,Short-term on-the-job training,156210.0,143110.0,46520.0,86060.0,189890.0,216540.0,75.1,68.8,22.37,41.38,91.29,104.11,25580.0,"Judges, Magistrate Judges, and Magistrates"
23-2011,Paralegals and legal assistants,376.2,376.8,0.6,0.2,39.3,1.4,Associate's degree,,,61010.0,66510.0,39710.0,48190.0,78280.0,98990.0,29.33,31.98,19.09,23.17,37.63,47.59,367220.0,Paralegals and Legal Assistants
23-2093,"Title examiners, abstractors, and searchers",57.4,58.5,1.1,2.0,5.4,8.9,High school diploma or equivalent,,Moderate-term on-the-job training,54980.0,59600.0,36710.0,45020.0,70290.0,87240.0,26.43,28.65,17.65,21.64,33.79,41.94,48170.0,"Title Examiners, Abstractors, and Searchers"
23-2099,"Legal support workers, all other",51.3,50.7,-0.6,-1.2,4.7,2.8,Associate's degree,,,68760.0,86220.0,41510.0,50960.0,103460.0,176950.0,33.06,41.45,19.96,24.5,49.74,85.07,47380.0,"Legal Support Workers, All Other"
25-1011,"Business teachers, postsecondary",103.1,109.0,5.8,5.7,8.1,0.3,Doctoral or professional degree,,,97270.0,113840.0,46460.0,63040.0,140360.0,210530.0,,,,,,,81780.0,"Business Teachers, Postsecondary"
25-1021,"Computer science teachers, postsecondary",44.8,47.2,2.4,5.3,3.5,0.2,Doctoral or professional degree,,,96690.0,105830.0,48910.0,65200.0,132200.0,172380.0,,,,,,,36240.0,"Computer Science Teachers, Postsecondary"
25-1022,"Mathematical science teachers, postsecondary",58.9,60.2,1.3,2.3,4.4,0.2,Doctoral or professional degree,,,79350.0,92880.0,48150.0,60880.0,106270.0,161020.0,,,,,,,48820.0,"Mathematical Science Teachers, Postsecondary"
25-1031,"Architecture teachers, postsecondary",11.6,11.9,0.2,2.0,0.9,,Doctoral or professional degree,,,101480.0,110360.0,59590.0,78090.0,129310.0,166720.0,,,,,,,9120.0,"Architecture Teachers, Postsecondary"
25-1032,"Engineering teachers, postsecondary",50.3,54.4,4.1,8.1,4.1,0.2,Doctoral or professional degree,,,106120.0,119340.0,59790.0,80060.0,136400.0,200650.0,,,,,,,39910.0,"Engineering Teachers, Postsecondary"
25-1041,"Agricultural sciences teachers, postsecondary",10.7,11.2,0.4,4.1,0.8,,Doctoral or professional degree,,,86350.0,97790.0,49080.0,63980.0,123290.0,160870.0,,,,,,,8700.0,"Agricultural Sciences Teachers, Postsecondary"
25-1042,"Biological science teachers, postsecondary",66.0,70.8,4.8,7.3,5.4,0.2,Doctoral or professional degree,,,83460.0,101340.0,50760.0,64010.0,125310.0,169560.0,,,,,,,53250.0,"Biological Science Teachers, Postsecondary"
25-1043,"Forestry and conservation science teachers, postsecondary",1.6,1.7,0.1,4.0,0.1,,Doctoral or professional degree,,,100830.0,103780.0,58670.0,81380.0,125080.0,154630.0,,,,,,,1310.0,"Forestry and Conservation Science Teachers, Postsecondary"
25-1051,"Atmospheric, earth, marine, and space sciences teachers, postsecondary",14.0,14.4,0.4,2.6,1.0,,Doctoral or professional degree,,,101390.0,112950.0,53310.0,66620.0,135500.0,199260.0,,,,,,,11480.0,"Atmospheric, Earth, Marine, and Space Sciences Teachers, Postsecondary"
25-1052,"Chemistry teachers, postsecondary",25.4,26.0,0.6,2.2,1.9,0.2,Doctoral or professional degree,,,86220.0,103030.0,52870.0,64980.0,125920.0,171600.0,,,,,,,20390.0,"Chemistry Teachers, Postsecondary"
25-1053,"Environmental science teachers, postsecondary",9.0,9.3,0.3,2.9,0.7,,Doctoral or professional degree,,,87710.0,100360.0,50670.0,64360.0,124680.0,164290.0,,,,,,,7130.0,"Environmental Science Teachers, Postsecondary"
25-1054,"Physics teachers, postsecondary",17.1,17.5,0.4,2.5,1.3,,Doctoral or professional degree,,,97360.0,105460.0,54880.0,66730.0,130150.0,169740.0,,,,,,,13590.0,"Physics Teachers, Postsecondary"
25-1061,"Anthropology and archeology teachers, postsecondary",6.5,6.7,0.2,2.7,0.5,,Doctoral or professional degree,,,95770.0,102530.0,51380.0,67410.0,122870.0,169090.0,,,,,,,5260.0,"Anthropology and Archeology Teachers, Postsecondary"
25-1062,"Area, ethnic, and cultural studies teachers, postsecondary",14.5,14.8,0.3,2.4,1.1,,Doctoral or professional degree,,,84290.0,97350.0,51130.0,64320.0,107810.0,164650.0,,,,,,,11430.0,"Area, Ethnic, and Cultural Studies Teachers, Postsecondary"
25-1063,"Economics teachers, postsecondary",15.8,16.1,0.3,2.1,1.2,,Doctoral or professional degree,,,119980.0,133140.0,57550.0,80850.0,166600.0,217160.0,,,,,,,12420.0,"Economics Teachers, Postsecondary"
25-1064,"Geography teachers, postsecondary",4.0,4.2,0.1,3.3,0.3,,Doctoral or professional degree,,,86730.0,99020.0,49990.0,66400.0,120220.0,164350.0,,,,,,,3290.0,"Geography Teachers, Postsecondary"
25-1065,"Political science teachers, postsecondary",21.8,22.2,0.4,2.0,1.6,0.3,Doctoral or professional degree,,,94680.0,105160.0,50490.0,65330.0,127480.0,173380.0,,,,,,,17170.0,"Political Science Teachers, Postsecondary"
25-1066,"Psychology teachers, postsecondary",52.5,54.4,1.9,3.6,4.0,0.3,Doctoral or professional degree,,,80330.0,93530.0,47870.0,62290.0,106640.0,158900.0,,,,,,,41610.0,"Psychology Teachers, Postsecondary"
25-1067,"Sociology teachers, postsecondary",15.4,15.7,0.3,2.1,1.1,,Doctoral or professional degree,,,82540.0,97270.0,49330.0,64130.0,113000.0,167240.0,,,,,,,12380.0,"Sociology Teachers, Postsecondary"
25-1069,"Social sciences teachers, postsecondary, all other",20.7,21.1,0.4,1.7,1.5,,Doctoral or professional degree,,,75040.0,92950.0,45280.0,59550.0,105390.0,176350.0,,,,,,,17540.0,"Social Sciences Teachers, Postsecondary, All Other"
25-1071,"Health specialties teachers, postsecondary",289.6,339.7,50.1,17.3,27.4,0.3,Doctoral or professional degree,Less than 5 years,,105620.0,137900.0,51760.0,74400.0,176090.0,,,,,,,,229720.0,"Health Specialties Teachers, Postsecondary"
25-1072,"Nursing instructors and teachers, postsecondary",91.6,106.9,15.3,16.8,8.6,0.4,Doctoral or professional degree,Less than 5 years,,79940.0,87090.0,47950.0,62210.0,102020.0,130040.0,,,,,,,74250.0,"Nursing Instructors and Teachers, Postsecondary"
25-1081,"Education teachers, postsecondary",74.9,76.5,1.6,2.1,5.6,0.3,Doctoral or professional degree,Less than 5 years,,72090.0,78500.0,38650.0,50630.0,96260.0,126450.0,,,,,,,59090.0,"Education Teachers, Postsecondary"
25-1082,"Library science teachers, postsecondary",5.1,5.3,0.2,3.0,0.4,,Doctoral or professional degree,,,78630.0,84320.0,53590.0,62130.0,97020.0,126200.0,,,,,,,4100.0,"Library Science Teachers, Postsecondary"
25-1111,"Criminal justice and law enforcement teachers, postsecondary",16.2,16.5,0.3,2.0,1.2,,Doctoral or professional degree,,,71470.0,84820.0,45640.0,56100.0,99730.0,143130.0,,,,,,,13560.0,"Criminal Justice and Law Enforcement Teachers, Postsecondary"
25-1112,"Law teachers, postsecondary",29.5,30.2,0.6,2.2,2.2,0.3,Doctoral or professional degree,Less than 5 years,,126650.0,139950.0,58330.0,84540.0,173580.0,,,,,,,,22800.0,"Law Teachers, Postsecondary"
25-1113,"Social work teachers, postsecondary",17.1,17.5,0.4,2.3,1.3,,Doctoral or professional degree,,,76210.0,81880.0,45370.0,57080.0,98570.0,129280.0,,,,,,,13350.0,"Social Work Teachers, Postsecondary"
25-1121,"Art, drama, and music teachers, postsecondary",122.8,124.8,2.1,1.7,9.0,0.4,Master's degree,,,80190.0,102240.0,47040.0,60730.0,121600.0,194530.0,,,,,,,97890.0,"Art, Drama, and Music Teachers, Postsecondary"
25-1122,"Communications teachers, postsecondary",35.8,36.6,0.8,2.1,2.7,0.2,Doctoral or professional degree,,,77800.0,90340.0,47100.0,60060.0,103230.0,160210.0,,,,,,,29260.0,"Communications Teachers, Postsecondary"
25-1123,"English language and literature teachers, postsecondary",72.2,72.2,0.0,0.0,5.1,0.2,Doctoral or professional degree,,,78270.0,90400.0,47540.0,59780.0,103730.0,154800.0,,,,,,,59590.0,"English Language and Literature Teachers, Postsecondary"
25-1124,"Foreign language and literature teachers, postsecondary",26.4,26.4,0.0,-0.2,1.9,0.3,Doctoral or professional degree,,,77010.0,87670.0,47090.0,59790.0,101680.0,134960.0,,,,,,,21170.0,"Foreign Language and Literature Teachers, Postsecondary"
25-1125,"History teachers, postsecondary",24.6,24.6,-0.1,-0.2,1.7,0.2,Doctoral or professional degree,,,81500.0,93710.0,47730.0,62370.0,106770.0,158140.0,,,,,,,19860.0,"History Teachers, Postsecondary"
25-1126,"Philosophy and religion teachers, postsecondary",27.3,27.5,0.2,0.7,2.0,0.5,Doctoral or professional degree,,,78050.0,88210.0,47550.0,60980.0,101680.0,134910.0,,,,,,,20840.0,"Philosophy and Religion Teachers, Postsecondary"
25-1192,"Family and consumer sciences teachers, postsecondary",3.2,3.3,0.1,3.4,0.2,,Doctoral or professional degree,,,77280.0,84450.0,47580.0,56870.0,99530.0,133180.0,,,,,,,2630.0,"Family and Consumer Sciences Teachers, Postsecondary"
25-1193,"Recreation and fitness studies teachers, postsecondary",15.4,15.7,0.4,2.4,1.1,,Doctoral or professional degree,,,75890.0,87980.0,44150.0,57290.0,101420.0,158240.0,,,,,,,12680.0,"Recreation and Fitness Studies Teachers, Postsecondary"
25-1194,"Career/technical education teachers, postsecondary",122.2,123.0,0.8,0.7,8.8,0.4,Bachelor's degree,Less than 5 years,,61490.0,68710.0,38680.0,48030.0,80070.0,106580.0,29.56,33.03,18.59,23.09,38.5,51.24,111150.0,"Career/Technical Education Teachers, Postsecondary"
25-1199,"Postsecondary teachers, all other",183.4,186.8,3.4,1.8,13.5,0.3,Doctoral or professional degree,,,78490.0,94470.0,39720.0,55500.0,122510.0,172850.0,,,,,,,151530.0,"Postsecondary Teachers, All Other"
25-2011,"Preschool teachers, except special education",555.1,578.1,22.9,4.1,65.5,0.6,Associate's degree,,,37120.0,41450.0,28300.0,31250.0,46550.0,60070.0,17.85,19.93,13.61,15.03,22.38,28.88,445080.0,"Preschool Teachers, Except Special Education"
25-2012,"Kindergarten teachers, except special education",117.2,115.2,-1.9,-1.6,12.8,0.1,Bachelor's degree,,,61430.0,67020.0,45750.0,50290.0,77720.0,99360.0,,,,,,,114410.0,"Kindergarten Teachers, Except Special Education"
25-2021,"Elementary school teachers, except special education",1422.7,1394.8,-27.9,-2.0,91.0,0.6,Bachelor's degree,,,62340.0,69790.0,46440.0,50680.0,79410.0,102010.0,,,,,,,1393310.0,"Elementary School Teachers, Except Special Education"
25-2022,"Middle school teachers, except special and career/technical education",633.7,621.3,-12.4,-2.0,40.5,0.6,Bachelor's degree,,,62970.0,70040.0,47050.0,53540.0,79380.0,100980.0,,,,,,,620370.0,"Middle School Teachers, Except Special and Career/Technical Education"
25-2023,"Career/technical education teachers, middle school",14.0,13.8,-0.3,-2.0,0.9,,Bachelor's degree,Less than 5 years,,63620.0,68690.0,47090.0,55920.0,78270.0,98430.0,,,,,,,14200.0,"Career/Technical Education Teachers, Middle School"
25-2031,"Secondary school teachers, except special and career/technical education",1094.5,1076.7,-17.8,-1.6,66.2,0.0,Bachelor's degree,,,64580.0,73700.0,47330.0,57800.0,83010.0,104670.0,,,,,,,1072540.0,"Secondary School Teachers, Except Special and Career/Technical Education"
25-2032,"Career/technical education teachers, secondary school",103.4,101.5,-1.9,-1.8,6.2,,Bachelor's degree,Less than 5 years,,63910.0,70550.0,48840.0,58840.0,78650.0,98720.0,,,,,,,104450.0,"Career/Technical Education Teachers, Secondary School"
25-2051,"Special education teachers, preschool",29.3,29.7,0.4,1.4,2.1,1.8,Bachelor's degree,,,62190.0,72610.0,38740.0,49370.0,81330.0,132530.0,,,,,,,28200.0,"Special Education Teachers, Preschool"
25-2052,"Special education teachers, kindergarten and elementary school",230.2,226.1,-4.1,-1.8,15.4,0.3,Bachelor's degree,,,63000.0,70150.0,47590.0,57050.0,79320.0,100620.0,,,,,,,231570.0,"Special Education Teachers, Kindergarten and Elementary School"
25-2057,"Special education teachers, middle school",94.8,93.0,-1.8,-1.9,6.3,0.3,Bachelor's degree,,,64880.0,72310.0,48070.0,58590.0,81940.0,102730.0,,,,,,,95330.0,"Special Education Teachers, Middle School"
25-2058,"Special education teachers, secondary school",164.2,161.5,-2.6,-1.6,11.1,0.5,Bachelor's degree,,,69590.0,74610.0,47930.0,58180.0,87140.0,106050.0,,,,,,,162780.0,"Special Education Teachers, Secondary School"
25-2059,"Special education teachers, all other",41.0,41.5,0.4,1.1,2.9,1.6,Bachelor's degree,,,67430.0,74180.0,43220.0,53470.0,87890.0,109360.0,,,,,,,39350.0,"Special Education Teachers, All Other"
25-3011,"Adult basic education, adult secondary education, and english as a second language instructors",40.9,35.3,-5.6,-13.7,3.9,5.6,Bachelor's degree,,,59950.0,64660.0,39750.0,47950.0,76580.0,95750.0,28.82,31.09,19.11,23.05,36.82,46.04,36260.0,"Adult Basic Education, Adult Secondary Education, and English as a Second Language Instructors"
25-3021,Self-enrichment teachers,417.5,433.0,15.5,3.7,51.4,16.8,High school diploma or equivalent,Less than 5 years,,45590.0,53330.0,28980.0,35410.0,62180.0,90780.0,21.92,25.64,13.93,17.02,29.9,43.64,308520.0,Self-Enrichment Teachers
25-3031,"Substitute teachers, short-term",510.1,518.5,8.4,1.6,61.1,5.0,Bachelor's degree,,,38470.0,44930.0,26240.0,31310.0,51930.0,63460.0,18.5,21.6,12.62,15.05,24.97,30.51,481300.0,"Substitute Teachers, Short-Term"
25-3041,Tutors,215.5,216.8,1.3,0.6,37.1,13.7,"Some college, no degree",,,40090.0,47780.0,28430.0,33410.0,55380.0,78810.0,19.27,22.97,13.67,16.06,26.62,37.89,174660.0,Tutors
25-3099,"Teachers and instructors, all other",153.8,153.5,-0.2,-0.1,18.0,8.6,Bachelor's degree,,,64690.0,71610.0,33280.0,46700.0,93180.0,116690.0,,,,,,,125010.0,"Teachers and Instructors, All Other"
25-4011,Archivists,9.3,9.7,0.4,3.8,1.1,10.4,Master's degree,,,61570.0,67620.0,39330.0,47890.0,79850.0,104780.0,29.6,32.51,18.91,23.02,38.39,50.37,7050.0,Archivists
25-4012,Curators,15.1,16.2,1.1,7.0,1.8,13.1,Master's degree,,,61770.0,70060.0,37110.0,47270.0,81350.0,105520.0,29.7,33.68,17.84,22.73,39.11,50.73,12280.0,Curators
25-4013,Museum technicians and conservators,15.7,16.5,0.8,5.4,1.9,12.0,Bachelor's degree,,,47460.0,53630.0,30720.0,37460.0,62990.0,82790.0,22.82,25.78,14.77,18.01,30.29,39.8,13070.0,Museum Technicians and Conservators
25-4022,Librarians and media collections specialists,142.1,144.5,2.4,1.7,13.5,0.9,Master's degree,,,64320.0,69180.0,38920.0,50920.0,80640.0,100880.0,30.92,33.26,18.71,24.48,38.77,48.5,131830.0,Librarians and Media Collections Specialists
25-4031,Library technicians,78.6,73.2,-5.4,-6.8,13.0,,Postsecondary nondegree award,,,39970.0,43050.0,27890.0,33510.0,49740.0,60960.0,19.22,20.7,13.41,16.11,23.91,29.31,73770.0,Library Technicians
25-9021,Farm and home management educators,12.4,12.1,-0.3,-2.5,1.1,0.7,Master's degree,,,58120.0,60470.0,36780.0,46010.0,69110.0,85230.0,27.94,29.07,17.68,22.12,33.23,40.98,10260.0,Farm and Home Management Educators
25-9031,Instructional coordinators,232.6,235.5,2.9,1.3,21.9,3.3,Master's degree,5 years or more,,74720.0,77600.0,46560.0,59120.0,94780.0,115410.0,35.92,37.31,22.39,28.43,45.57,55.49,210850.0,Instructional Coordinators
25-9044,"Teaching assistants, postsecondary",193.6,199.6,6.0,3.1,24.6,0.1,Bachelor's degree,,,44930.0,47560.0,28020.0,32640.0,60410.0,73560.0,,,,,,,155010.0,"Teaching Assistants, Postsecondary"
25-9045,"Teaching assistants, except postsecondary",1422.8,1401.7,-21.1,-1.5,170.4,0.1,"Some college, no degree",,,35240.0,35960.0,23710.0,29120.0,40400.0,48140.0,,,,,,,1375300.0,"Teaching Assistants, Except Postsecondary"
25-9099,"Educational instruction and library workers, all other",132.0,134.0,2.0,1.5,12.5,2.4,Bachelor's degree,,,48400.0,55700.0,24160.0,33280.0,68800.0,95310.0,23.27,26.78,11.62,16.0,33.08,45.82,114640.0,"Educational Instruction and Library Workers, All Other"
27-1011,Art directors,135.0,140.7,5.7,4.2,12.3,61.9,Bachelor's degree,5 years or more,,111040.0,128100.0,61060.0,80130.0,160460.0,211410.0,53.38,61.59,29.35,38.53,77.14,101.64,50370.0,Art Directors
27-1012,Craft artists,11.6,11.9,0.2,2.1,1.0,62.6,No formal educational credential,,Long-term on-the-job training,38480.0,45340.0,22620.0,31350.0,52070.0,65850.0,18.5,21.8,10.88,15.07,25.04,31.66,4370.0,Craft Artists
27-1013,"Fine artists, including painters, sculptors, and illustrators",26.5,26.2,-0.3,-1.2,2.2,61.6,Bachelor's degree,,Long-term on-the-job training,60560.0,76450.0,26420.0,39740.0,89630.0,140660.0,29.12,36.76,12.7,19.11,43.09,67.62,10000.0,"Fine Artists, Including Painters, Sculptors, and Illustrators"
27-1014,Special effects artists and animators,57.1,58.0,0.9,1.6,5.0,61.5,Bachelor's degree,,,99800.0,110110.0,57220.0,73030.0,135600.0,174630.0,47.98,52.94,27.51,35.11,65.19,83.96,21280.0,Special Effects Artists and Animators
27-1019,"Artists and related workers, all other",13.9,14.0,0.1,0.8,1.2,44.0,No formal educational credential,,Long-term on-the-job training,72760.0,79490.0,33720.0,44760.0,112420.0,133180.0,34.98,38.22,16.21,21.52,54.05,64.03,7370.0,"Artists and Related Workers, All Other"
27-1021,Commercial and industrial designers,30.6,31.6,1.0,3.2,2.5,2.0,Bachelor's degree,,,79450.0,88000.0,49390.0,62040.0,103170.0,134840.0,38.2,42.31,23.74,29.83,49.6,64.83,30250.0,Commercial and Industrial Designers
27-1022,Fashion designers,25.7,26.2,0.5,2.0,2.3,20.0,Bachelor's degree,,,80690.0,122430.0,35970.0,53730.0,107990.0,169620.0,38.79,58.86,17.29,25.83,51.92,81.55,20910.0,Fashion Designers
27-1023,Floral designers,43.8,41.2,-2.6,-5.9,5.1,10.7,High school diploma or equivalent,,Moderate-term on-the-job training,36120.0,37700.0,27260.0,30200.0,43420.0,48690.0,17.37,18.13,13.1,14.52,20.87,23.41,40160.0,Floral Designers
27-1024,Graphic designers,265.9,271.5,5.7,2.1,20.0,17.7,Bachelor's degree,,,61300.0,68610.0,37600.0,47200.0,79000.0,103030.0,29.47,32.98,18.08,22.69,37.98,49.53,214260.0,Graphic Designers
27-1025,Interior designers,87.1,89.9,2.8,3.2,7.8,21.2,Bachelor's degree,,,63490.0,71430.0,38480.0,49770.0,80830.0,106090.0,30.52,34.34,18.5,23.93,38.86,51.01,69580.0,Interior Designers
27-1026,Merchandise displayers and window trimmers,193.0,199.3,6.2,3.2,20.8,0.1,High school diploma or equivalent,,Short-term on-the-job training,37350.0,40540.0,30050.0,33580.0,44750.0,53800.0,17.96,19.49,14.45,16.15,21.52,25.86,192480.0,Merchandise Displayers and Window Trimmers
27-1027,Set and exhibit designers,31.3,32.0,0.7,2.3,2.5,63.5,Bachelor's degree,,,66280.0,78450.0,35990.0,48920.0,100020.0,129420.0,31.87,37.71,17.31,23.52,48.09,62.22,10850.0,Set and Exhibit Designers
27-1029,"Designers, all other",28.6,29.2,0.6,2.0,2.2,66.1,Bachelor's degree,,,66220.0,78000.0,36530.0,46850.0,95330.0,131950.0,31.84,37.5,17.56,22.52,45.83,63.44,9680.0,"Designers, All Other"
27-2011,Actors,57.0,57.1,0.2,0.3,6.3,27.9,"Some college, no degree",,Long-term on-the-job training,,,,,,,23.33,44.4,14.0,16.94,41.09,97.19,38800.0,Actors
27-2012,Producers and directors,167.0,175.2,8.3,4.9,12.8,8.2,Bachelor's degree,Less than 5 years,,83480.0,114280.0,43060.0,59810.0,131160.0,198530.0,40.13,54.94,20.7,28.75,63.06,95.45,145270.0,Producers and Directors
27-2021,Athletes and sports competitors,19.1,20.2,1.0,5.5,2.1,20.7,No formal educational credential,,Long-term on-the-job training,62360.0,259750.0,24960.0,36750.0,130770.0,,,,,,,,14370.0,Athletes and Sports Competitors
27-2022,Coaches and scouts,306.5,326.0,19.5,6.4,41.8,10.2,Bachelor's degree,,,45920.0,58910.0,27490.0,33960.0,61930.0,93980.0,,,,,,,250940.0,Coaches and Scouts
27-2023,"Umpires, referees, and other sports officials",19.3,20.4,1.1,5.7,4.6,18.2,High school diploma or equivalent,,Moderate-term on-the-job training,38820.0,52800.0,25070.0,30920.0,53560.0,93180.0,,,,,,,15080.0,"Umpires, Referees, and Other Sports Officials"
27-2031,Dancers,12.3,12.9,0.6,4.5,1.8,25.4,No formal educational credential,,Long-term on-the-job training,,,,,,,23.97,30.3,13.96,16.83,37.43,53.66,9060.0,Dancers
27-2032,Choreographers,4.6,4.9,0.3,6.1,0.7,24.3,High school diploma or equivalent,5 years or more,Long-term on-the-job training,55600.0,62020.0,33080.0,39600.0,71190.0,94090.0,26.73,29.82,15.91,19.04,34.23,45.24,3430.0,Choreographers
27-2041,Music directors and composers,47.3,47.2,-0.1,-0.3,4.3,25.6,Bachelor's degree,Less than 5 years,,63670.0,84230.0,34990.0,47330.0,96590.0,157010.0,30.61,40.5,16.82,22.75,46.44,75.49,12330.0,Music Directors and Composers
27-2042,Musicians and singers,169.8,171.6,1.8,1.1,19.4,46.8,No formal educational credential,,Long-term on-the-job training,,,,,,,42.45,55.13,18.68,26.02,62.83,105.44,38350.0,Musicians and Singers
27-2091,"Disc jockeys, except radio",15.4,16.0,0.6,3.8,1.5,46.9,High school diploma or equivalent,,Short-term on-the-job training,,,,,,,20.59,33.25,10.65,15.13,38.69,95.5,8170.0,"Disc Jockeys, Except Radio"
27-2099,"Entertainers and performers, sports and related workers, all other",35.8,38.0,2.1,6.0,4.4,56.2,No formal educational credential,,Short-term on-the-job training,,,,,,,20.99,29.74,13.1,16.47,33.32,51.9,15040.0,"Entertainers and Performers, Sports and Related Workers, All Other"
27-3011,Broadcast announcers and radio disc jockeys,24.1,22.8,-1.3,-5.5,2.3,,Bachelor's degree,,,45680.0,80110.0,26000.0,33280.0,72080.0,131780.0,21.96,38.52,12.5,16.0,34.65,63.36,23880.0,Broadcast Announcers and Radio Disc Jockeys
27-3023,"News analysts, reporters, and journalists",49.3,47.4,-1.9,-3.9,4.1,15.6,Bachelor's degree,,,60280.0,106030.0,34590.0,40420.0,97460.0,162430.0,28.98,50.98,16.63,19.43,46.86,78.09,41550.0,"News Analysts, Reporters, and Journalists"
27-3031,Public relations specialists,315.9,331.0,15.0,4.8,27.6,1.9,Bachelor's degree,,,69780.0,80310.0,40750.0,51970.0,95940.0,129480.0,33.55,38.61,19.59,24.99,46.13,62.25,280590.0,Public Relations Specialists
27-3041,Editors,115.8,116.5,0.7,0.6,9.8,13.2,Bachelor's degree,Less than 5 years,,75260.0,85700.0,36200.0,50210.0,101210.0,140840.0,36.18,41.2,17.4,24.14,48.66,67.71,95480.0,Editors
27-3042,Technical writers,56.4,56.9,0.5,0.9,4.5,,Bachelor's degree,Less than 5 years,Short-term on-the-job training,91670.0,92330.0,54400.0,68640.0,102740.0,130430.0,44.07,44.39,26.16,33.0,49.4,62.71,55530.0,Technical Writers
27-3043,Writers and authors,135.4,140.3,4.9,3.6,13.4,62.9,Bachelor's degree,,Long-term on-the-job training,72270.0,85780.0,41080.0,52890.0,98320.0,133680.0,34.75,41.24,19.75,25.43,47.27,64.27,47800.0,Writers and Authors
27-3091,Interpreters and translators,75.3,76.6,1.3,1.7,6.9,27.0,Bachelor's degree,,,59440.0,64950.0,35630.0,45020.0,80020.0,99830.0,28.58,31.22,17.13,21.64,38.47,47.99,53360.0,Interpreters and Translators
27-3092,Court reporters and simultaneous captioners,17.7,17.7,0.0,-0.3,1.7,25.6,Postsecondary nondegree award,,Short-term on-the-job training,67310.0,74630.0,39100.0,50210.0,92710.0,127020.0,32.36,35.88,18.8,24.14,44.57,61.07,12630.0,Court Reporters and Simultaneous Captioners
27-3099,"Media and communication workers, all other",34.3,35.3,0.9,2.7,3.0,26.7,High school diploma or equivalent,,Short-term on-the-job training,71770.0,84870.0,38530.0,52690.0,99520.0,148070.0,34.51,40.81,18.52,25.33,47.85,71.19,23590.0,"Media and Communication Workers, All Other"
27-4011,Audio and video technicians,92.3,95.4,3.1,3.3,7.3,11.0,Postsecondary nondegree award,,Short-term on-the-job training,54830.0,61370.0,35290.0,43860.0,73590.0,98190.0,26.36,29.51,16.97,21.09,35.38,47.21,70080.0,Audio and Video Technicians
27-4012,Broadcast technicians,24.8,24.2,-0.7,-2.8,1.8,12.6,Associate's degree,,Short-term on-the-job training,53920.0,64220.0,29190.0,36900.0,80390.0,115400.0,25.92,30.87,14.04,17.74,38.65,55.48,21080.0,Broadcast Technicians
27-4014,Sound engineering technicians,16.9,16.6,-0.3,-1.7,1.2,12.0,Postsecondary nondegree award,,Short-term on-the-job training,66430.0,79280.0,36600.0,47680.0,99950.0,134980.0,31.94,38.12,17.6,22.92,48.05,64.9,13050.0,Sound Engineering Technicians
27-4015,Lighting technicians,12.1,11.5,-0.6,-4.6,0.8,13.1,Postsecondary nondegree award,,Short-term on-the-job training,60560.0,70000.0,36340.0,47100.0,83340.0,117690.0,29.11,33.65,17.47,22.65,40.07,56.58,10130.0,Lighting Technicians
27-4021,Photographers,151.2,154.0,2.8,1.8,12.7,66.3,High school diploma or equivalent,,Moderate-term on-the-job training,42520.0,55650.0,29610.0,34790.0,62370.0,94760.0,20.44,26.76,14.23,16.73,29.99,45.56,51230.0,Photographers
27-4031,"Camera operators, television, video, and film",36.4,36.9,0.4,1.2,2.9,28.8,Bachelor's degree,,,68810.0,79870.0,36240.0,48060.0,102400.0,131420.0,33.08,38.4,17.42,23.1,49.23,63.18,24460.0,"Camera Operators, Television, Video, and Film"
27-4032,Film and video editors,43.5,45.2,1.7,4.0,3.6,29.3,Bachelor's degree,,,70980.0,83530.0,39170.0,50230.0,101570.0,145900.0,34.12,40.16,18.83,24.15,48.83,70.15,28860.0,Film and Video Editors
27-4099,"Media and communication equipment workers, all other",15.1,15.2,0.1,0.6,1.1,8.5,High school diploma or equivalent,,Short-term on-the-job training,67190.0,78350.0,35670.0,48490.0,102650.0,133650.0,32.3,37.67,17.15,23.31,49.35,64.26,13020.0,"Media and Communication Equipment Workers, All Other"
29-1011,Chiropractors,57.2,62.6,5.4,9.5,2.8,34.7,Doctoral or professional degree,,,79000.0,91830.0,44780.0,59320.0,104000.0,149990.0,37.98,44.15,21.53,28.52,50.0,72.11,37630.0,Chiropractors
29-1021,"Dentists, general",129.8,135.2,5.4,4.1,3.9,11.8,Doctoral or professional degree,,,172790.0,196100.0,83860.0,126090.0,220380.0,,83.07,94.28,40.32,60.62,105.95,,113490.0,"Dentists, General"
29-1022,Oral and maxillofacial surgeons,6.1,6.4,0.3,4.1,0.2,11.9,Doctoral or professional degree,,Internship/residency,,360240.0,82960.0,236780.0,,,,173.19,39.89,113.84,,,5330.0,Oral and Maxillofacial Surgeons
29-1023,Orthodontists,5.9,6.2,0.3,4.4,0.2,12.0,Doctoral or professional degree,,Internship/residency,,254620.0,98560.0,137320.0,,,,122.41,47.38,66.02,,,5150.0,Orthodontists
29-1024,Prosthodontists,0.9,0.9,0.0,4.5,0.0,12.0,Doctoral or professional degree,,Internship/residency,,258660.0,97370.0,232000.0,,,,124.36,46.81,111.54,,,760.0,Prosthodontists
29-1029,"Dentists, all other specialists",6.6,6.6,0.0,0.3,0.2,7.4,Doctoral or professional degree,,Internship/residency,225770.0,246530.0,75360.0,172780.0,,,108.54,118.52,36.23,83.07,,,5900.0,"Dentists, All Other Specialists"
29-1031,Dietitians and nutritionists,90.9,95.9,5.0,5.5,6.2,12.2,Bachelor's degree,,Internship/residency,73850.0,74770.0,48830.0,61260.0,85200.0,101760.0,35.5,35.95,23.48,29.45,40.96,48.92,76570.0,Dietitians and Nutritionists
29-1041,Optometrists,47.8,51.6,3.8,8.0,2.4,11.5,Doctoral or professional degree,,,134830.0,140940.0,70060.0,103310.0,163710.0,203210.0,64.82,67.76,33.68,49.67,78.71,97.7,41890.0,Optometrists
29-1051,Pharmacists,335.1,350.5,15.4,4.6,14.2,0.6,Doctoral or professional degree,,,137480.0,137210.0,86930.0,127250.0,158620.0,172040.0,66.1,65.97,41.8,61.18,76.26,82.71,328870.0,Pharmacists
29-1071,Physician assistants,162.7,195.8,33.2,20.4,12.0,1.5,Master's degree,,,133260.0,136900.0,95240.0,113770.0,160160.0,182200.0,64.07,65.82,45.79,54.7,77.0,87.6,155540.0,Physician Assistants
29-1081,Podiatrists,9.7,9.9,0.2,1.8,0.3,,Doctoral or professional degree,,Internship/residency,152800.0,163960.0,57500.0,91130.0,217960.0,,73.46,78.83,27.65,43.81,104.79,,9520.0,Podiatrists
29-1122,Occupational therapists,160.0,182.1,22.1,13.8,10.2,2.2,Master's degree,,,98340.0,98240.0,67090.0,80490.0,110460.0,129830.0,47.28,47.23,32.25,38.7,53.11,62.42,152280.0,Occupational Therapists
29-1123,Physical therapists,267.2,296.4,29.3,10.9,13.2,4.5,Doctoral or professional degree,,,101020.0,102400.0,74420.0,83470.0,117190.0,132500.0,48.57,49.23,35.78,40.13,56.34,63.7,248630.0,Physical Therapists
29-1124,Radiation therapists,19.2,19.6,0.4,1.9,0.9,,Associate's degree,,,101990.0,110820.0,77860.0,86520.0,120360.0,141550.0,49.03,53.28,37.43,41.6,57.87,68.05,18700.0,Radiation Therapists
29-1125,Recreational therapists,16.1,16.6,0.5,3.3,1.3,,Bachelor's degree,,,60280.0,65350.0,39520.0,48230.0,77680.0,96600.0,28.98,31.42,19.0,23.19,37.35,46.44,15060.0,Recreational Therapists
29-1126,Respiratory therapists,139.6,156.4,16.8,12.1,8.8,,Associate's degree,,,80450.0,84260.0,61900.0,68410.0,95530.0,108820.0,38.68,40.51,29.76,32.89,45.93,52.32,136420.0,Respiratory Therapists
29-1127,Speech-language pathologists,187.4,215.5,28.2,15.0,13.3,3.3,Master's degree,,Internship/residency,95410.0,95840.0,60480.0,75310.0,112510.0,132850.0,45.87,46.08,29.08,36.21,54.09,63.87,178790.0,Speech-Language Pathologists
29-1128,Exercise physiologists,23.9,26.1,2.3,9.5,1.7,64.0,Bachelor's degree,,,58160.0,59620.0,40930.0,48650.0,65430.0,79830.0,27.96,28.66,19.68,23.39,31.46,38.38,8110.0,Exercise Physiologists
29-1129,"Therapists, all other",56.1,62.5,6.4,11.5,4.1,63.3,Bachelor's degree,,,65010.0,73800.0,38840.0,49510.0,85010.0,120050.0,31.26,35.48,18.67,23.8,40.87,57.71,19320.0,"Therapists, All Other"
29-1131,Veterinarians,86.4,94.7,8.3,9.6,3.0,6.1,Doctoral or professional degree,,,125510.0,140270.0,70350.0,98420.0,161610.0,212890.0,60.34,67.44,33.82,47.32,77.7,102.35,80630.0,Veterinarians
29-1141,Registered nurses,3391.0,3557.1,166.1,4.9,189.1,0.5,Bachelor's degree,,,93600.0,98430.0,66030.0,78610.0,107960.0,135320.0,45.0,47.32,31.75,37.79,51.9,65.06,3282010.0,Registered Nurses
29-1151,Nurse anesthetists,53.8,58.5,4.6,8.6,2.7,3.9,Master's degree,,,223210.0,231700.0,137230.0,187110.0,,,107.31,111.39,65.98,89.96,,,50350.0,Nurse Anesthetists
29-1161,Nurse midwives,8.6,9.5,0.9,11.1,0.5,1.0,Master's degree,,,128790.0,128110.0,74670.0,104260.0,146520.0,177040.0,61.92,61.59,35.9,50.13,70.44,85.11,8280.0,Nurse Midwives
29-1171,Nurse practitioners,320.4,448.8,128.4,40.1,29.5,1.0,Master's degree,,,129210.0,132000.0,97960.0,109940.0,149570.0,169950.0,62.12,63.46,47.1,52.86,71.91,81.71,307390.0,Nurse Practitioners
29-1181,Audiologists,15.8,17.3,1.5,9.5,0.7,4.4,Doctoral or professional degree,,,92120.0,95320.0,61930.0,76440.0,109330.0,129830.0,44.29,45.83,29.77,36.75,52.56,62.42,14730.0,Audiologists
29-1211,Anesthesiologists,45.3,46.7,1.4,3.2,1.3,4.7,Doctoral or professional degree,,Internship/residency,,336640.0,124450.0,186680.0,,,,161.85,59.83,89.75,,,41890.0,Anesthesiologists
29-1212,Cardiologists,19.4,20.2,0.8,4.1,0.6,4.7,Doctoral or professional degree,,Internship/residency,,432490.0,119970.0,230100.0,,,,207.93,57.68,110.63,,,18020.0,Cardiologists
29-1213,Dermatologists,10.9,11.6,0.7,6.4,0.4,4.8,Doctoral or professional degree,,Internship/residency,,347810.0,118540.0,172510.0,,,,167.22,56.99,82.94,,,10080.0,Dermatologists
29-1214,Emergency medicine physicians,36.1,37.1,1.0,2.7,1.0,4.6,Doctoral or professional degree,,Internship/residency,,320700.0,114680.0,181070.0,,,,154.19,55.14,87.06,,,33680.0,Emergency Medicine Physicians
29-1215,Family medicine physicians,116.0,119.1,3.1,2.7,3.3,4.5,Doctoral or professional degree,,Internship/residency,238380.0,256830.0,81330.0,167580.0,,,114.61,123.47,39.1,80.57,,,107950.0,Family Medicine Physicians
29-1216,General internal medicine physicians,73.2,75.6,2.4,3.3,2.1,4.3,Doctoral or professional degree,,Internship/residency,236350.0,262710.0,70100.0,135240.0,,,113.63,126.31,33.7,65.02,,,66640.0,General Internal Medicine Physicians
29-1217,Neurologists,8.3,8.8,0.5,5.4,0.3,4.6,Doctoral or professional degree,,Internship/residency,,286310.0,83500.0,140970.0,,,,137.65,40.14,67.77,,,7700.0,Neurologists
29-1218,Obstetricians and gynecologists,21.5,21.7,0.3,1.2,0.6,4.7,Doctoral or professional degree,,Internship/residency,,281130.0,94750.0,188130.0,,,,135.16,45.55,90.45,,,19900.0,Obstetricians and Gynecologists
29-1221,"Pediatricians, general",46.4,46.8,0.4,0.8,1.2,4.6,Doctoral or professional degree,,Internship/residency,210130.0,222340.0,96240.0,159510.0,,,101.03,106.89,46.27,76.69,,,42960.0,"Pediatricians, General"
29-1222,"Physicians, pathologists",12.6,13.1,0.5,4.2,0.4,4.5,Doctoral or professional degree,,Internship/residency,,266020.0,83930.0,165940.0,,,,127.89,40.35,79.78,,,11800.0,"Physicians, Pathologists"
29-1223,Psychiatrists,27.1,28.8,1.7,6.1,0.9,3.7,Doctoral or professional degree,,Internship/residency,,269120.0,77360.0,141290.0,,,,129.39,37.19,67.93,,,24800.0,Psychiatrists
29-1224,Radiologists,28.2,29.0,0.8,2.7,0.8,4.7,Doctoral or professional degree,,Internship/residency,,359820.0,82810.0,204330.0,,,,172.99,39.81,98.24,,,26290.0,Radiologists
29-1229,"Physicians, all other",340.7,349.3,8.6,2.5,9.6,3.9,Doctoral or professional degree,,Internship/residency,,253470.0,66860.0,95080.0,,,,121.86,32.15,45.71,,,315360.0,"Physicians, All Other"
29-1241,"Ophthalmologists, except pediatric",12.5,13.1,0.5,4.3,0.3,0.7,Doctoral or professional degree,,Internship/residency,,301500.0,104240.0,181490.0,,,,144.95,50.11,87.26,,,12110.0,"Ophthalmologists, Except Pediatric"
29-1242,"Orthopedic surgeons, except pediatric",14.7,15.3,0.6,4.1,0.4,0.7,Doctoral or professional degree,,Internship/residency,,365060.0,83390.0,209730.0,,,,175.51,40.09,100.83,,,14160.0,"Orthopedic Surgeons, Except Pediatric"
29-1243,Pediatric surgeons,1.1,1.1,0.0,1.5,0.0,,Doctoral or professional degree,,Internship/residency,,450810.0,189720.0,,,,,216.74,91.21,,,,1050.0,Pediatric Surgeons
29-1249,"Surgeons, all other",25.1,26.0,1.0,3.9,0.6,0.7,Doctoral or professional degree,,Internship/residency,,371280.0,77290.0,139070.0,,,,178.5,37.16,66.86,,,24080.0,"Surgeons, All Other"
29-1291,Acupuncturists,15.3,16.4,1.0,6.8,0.9,44.1,Master's degree,,,78140.0,89750.0,41840.0,54090.0,107120.0,158540.0,37.57,43.15,20.11,26.0,51.5,76.22,8440.0,Acupuncturists
29-1292,Dental hygienists,221.6,237.2,15.5,7.0,15.3,0.5,Associate's degree,,,94260.0,93890.0,66470.0,80060.0,102920.0,120060.0,45.32,45.14,31.96,38.49,49.48,57.72,219070.0,Dental Hygienists
29-1299,"Healthcare diagnosing or treating practitioners, all other",41.3,42.2,0.8,2.0,2.4,20.3,Master's degree,,,113730.0,128680.0,65210.0,83350.0,161350.0,194000.0,54.68,61.86,31.35,40.07,77.57,93.27,30870.0,"Healthcare Diagnosing or Treating Practitioners, All Other"
29-2010,Clinical laboratory technologists and technicians,351.2,357.2,6.0,1.7,22.6,0.5,Bachelor's degree,,,61890.0,65320.0,38020.0,46580.0,80010.0,97990.0,29.75,31.41,18.28,22.39,38.46,47.11,343040.0,Clinical Laboratory Technologists and Technicians
29-2031,Cardiovascular technologists and technicians,64.7,66.6,1.9,3.0,3.8,3.7,Associate's degree,,,67260.0,72890.0,37890.0,46470.0,91430.0,108900.0,32.34,35.04,18.22,22.34,43.96,52.36,61180.0,Cardiovascular Technologists and Technicians
29-2032,Diagnostic medical sonographers,90.0,101.7,11.7,13.0,5.8,2.5,Associate's degree,,,89340.0,92550.0,64760.0,78080.0,103630.0,123170.0,42.95,44.49,31.13,37.54,49.82,59.22,86460.0,Diagnostic Medical Sonographers
29-2033,Nuclear medicine technologists,20.0,20.6,0.6,3.0,0.9,13.7,Associate's degree,,,97020.0,99690.0,75570.0,83020.0,108190.0,128090.0,46.64,47.93,36.33,39.91,52.02,61.58,16960.0,Nuclear Medicine Technologists
29-2034,Radiologic technologists and technicians,228.0,237.8,9.8,4.3,12.9,0.4,Associate's degree,,,77660.0,79760.0,52360.0,62910.0,93610.0,106990.0,37.34,38.35,25.18,30.24,45.01,51.44,223460.0,Radiologic Technologists and Technicians
29-2035,Magnetic resonance imaging technologists,44.1,47.2,3.1,7.1,2.6,4.6,Associate's degree,Less than 5 years,,88180.0,91020.0,64910.0,78150.0,102440.0,121420.0,42.4,43.76,31.21,37.57,49.25,58.37,41530.0,Magnetic Resonance Imaging Technologists
29-2036,Medical dosimetrists,4.8,4.9,0.2,3.5,0.2,13.8,Bachelor's degree,,,138110.0,141420.0,103760.0,125600.0,157840.0,176360.0,66.4,67.99,49.88,60.39,75.88,84.79,3970.0,Medical Dosimetrists
29-2042,Emergency medical technicians,181.0,190.2,9.2,5.1,14.1,,Postsecondary nondegree award,,,41340.0,44790.0,31410.0,36730.0,48160.0,60780.0,19.88,21.54,15.1,17.66,23.16,29.22,177980.0,Emergency Medical Technicians
29-2043,Paramedics,101.9,107.0,5.1,5.0,4.9,,Postsecondary nondegree award,Less than 5 years,,58410.0,60610.0,40130.0,47920.0,68420.0,82420.0,28.08,29.14,19.29,23.04,32.9,39.63,99530.0,Paramedics
29-2051,Dietetic technicians,30.9,31.7,0.8,2.5,4.0,0.7,Associate's degree,,,37040.0,39560.0,28280.0,32460.0,44290.0,53440.0,17.81,19.02,13.6,15.61,21.29,25.69,29950.0,Dietetic Technicians
29-2052,Pharmacy technicians,490.4,521.8,31.5,6.4,49.0,,High school diploma or equivalent,,Moderate-term on-the-job training,43460.0,44800.0,35100.0,36920.0,48580.0,59450.0,20.9,21.54,16.88,17.75,23.36,28.58,487920.0,Pharmacy Technicians
29-2053,Psychiatric technicians,144.5,173.3,28.9,20.0,15.9,,Postsecondary nondegree award,Less than 5 years,Short-term on-the-job training,42590.0,45000.0,32980.0,37170.0,48910.0,60150.0,20.47,21.64,15.86,17.87,23.51,28.92,136300.0,Psychiatric Technicians
29-2055,Surgical technologists,115.6,120.8,5.2,4.5,7.0,0.1,Postsecondary nondegree award,,,62830.0,65810.0,43290.0,51740.0,77140.0,90700.0,30.21,31.64,20.81,24.87,37.09,43.61,113890.0,Surgical Technologists
29-2056,Veterinary technologists and technicians,134.2,146.4,12.2,9.1,14.3,1.2,Associate's degree,,,45980.0,46280.0,32120.0,37390.0,50960.0,60880.0,22.11,22.25,15.44,17.97,24.5,29.27,131320.0,Veterinary Technologists and Technicians
29-2057,Ophthalmic medical technicians,78.8,94.4,15.6,19.8,12.5,0.7,Postsecondary nondegree award,,,44080.0,45360.0,34210.0,37100.0,49730.0,60810.0,21.19,21.81,16.45,17.84,23.91,29.24,76520.0,Ophthalmic Medical Technicians
29-2061,Licensed practical and licensed vocational nurses,651.4,668.5,17.1,2.6,54.4,0.3,Postsecondary nondegree award,,,62340.0,64150.0,47960.0,55220.0,73160.0,80510.0,29.97,30.84,23.06,26.55,35.17,38.71,632430.0,Licensed Practical and Licensed Vocational Nurses
29-2072,Medical records specialists,194.8,208.6,13.8,7.1,14.2,0.8,Postsecondary nondegree award,,,50250.0,55970.0,35780.0,41600.0,64070.0,80950.0,24.16,26.91,17.2,20.0,30.8,38.92,187910.0,Medical Records Specialists
29-2081,"Opticians, dispensing",79.9,82.2,2.3,2.9,6.8,,High school diploma or equivalent,,Long-term on-the-job training,46560.0,49970.0,34470.0,37900.0,59680.0,73240.0,22.38,24.02,16.57,18.22,28.69,35.21,79690.0,"Opticians, Dispensing"
29-2091,Orthotists and prosthetists,10.1,11.5,1.3,13.3,0.9,,Master's degree,,Internship/residency,78310.0,81330.0,46220.0,59990.0,98880.0,118730.0,37.65,39.1,22.22,28.84,47.54,57.08,9930.0,Orthotists and Prosthetists
29-2092,Hearing aid specialists,10.7,12.6,2.0,18.4,1.0,0.5,High school diploma or equivalent,,Moderate-term on-the-job training,61560.0,63930.0,36950.0,47150.0,78110.0,91000.0,29.6,30.74,17.76,22.67,37.55,43.75,10580.0,Hearing Aid Specialists
29-2099,"Health technologists and technicians, all other",178.8,188.1,9.3,5.2,13.6,0.5,Postsecondary nondegree award,,,48790.0,56370.0,37290.0,40740.0,62280.0,81290.0,23.46,27.1,17.93,19.59,29.94,39.08,174060.0,"Health Technologists and Technicians, All Other"
29-9021,Health information technologists and medical registrars,41.9,48.1,6.2,14.7,3.2,7.8,Associate's degree,,,67310.0,73410.0,39120.0,48400.0,92410.0,112130.0,32.36,35.3,18.81,23.27,44.43,53.91,37620.0,Health Information Technologists and Medical Registrars
29-9091,Athletic trainers,33.9,37.6,3.8,11.1,2.4,6.2,Master's degree,,,60250.0,63960.0,45380.0,51590.0,70880.0,84100.0,,,,,,,28950.0,Athletic Trainers
29-9092,Genetic counselors,4.0,4.3,0.4,9.3,0.3,8.1,Master's degree,,,98910.0,102890.0,78680.0,87060.0,113220.0,137780.0,47.55,49.47,37.83,41.86,54.44,66.24,3510.0,Genetic Counselors
29-9093,Surgical assistants,25.3,26.6,1.3,5.1,1.6,8.6,Postsecondary nondegree award,,,60290.0,67190.0,39540.0,49140.0,80860.0,102390.0,28.99,32.3,19.01,23.63,38.88,49.23,22860.0,Surgical Assistants
29-9099,"Healthcare practitioners and technical workers, all other",41.7,43.1,1.5,3.6,2.6,6.8,Postsecondary nondegree award,,,64030.0,73200.0,37220.0,45250.0,91000.0,127340.0,30.78,35.19,17.9,21.76,43.75,61.22,36970.0,"Healthcare Practitioners and Technical Workers, All Other"
31-1120,Home health and personal care aides,4347.7,5087.5,739.8,17.0,765.8,2.8,High school diploma or equivalent,,Short-term on-the-job training,34900.0,34990.0,25600.0,30370.0,37980.0,44190.0,16.78,16.82,12.31,14.6,18.26,21.25,3988140.0,Home Health and Personal Care Aides
31-1131,Nursing assistants,1441.5,1474.0,32.6,2.3,204.1,1.3,Postsecondary nondegree award,,,39530.0,41270.0,31390.0,36260.0,46070.0,50140.0,19.01,19.84,15.09,17.44,22.15,24.11,1388430.0,Nursing Assistants
31-1132,Orderlies,54.0,55.8,1.8,3.3,7.8,,High school diploma or equivalent,,Short-term on-the-job training,37700.0,40070.0,31610.0,34850.0,43160.0,49570.0,18.12,19.27,15.2,16.76,20.75,23.83,53020.0,Orderlies
31-1133,Psychiatric aides,38.5,38.3,-0.1,-0.4,5.3,1.8,High school diploma or equivalent,,Short-term on-the-job training,41590.0,43610.0,30920.0,35930.0,48770.0,58530.0,20.0,20.97,14.87,17.27,23.45,28.14,34900.0,Psychiatric Aides
31-2011,Occupational therapy assistants,49.2,58.7,9.5,19.2,7.2,,Associate's degree,,,68340.0,68540.0,49070.0,59950.0,77340.0,86930.0,32.86,32.95,23.59,28.82,37.18,41.79,47910.0,Occupational Therapy Assistants
31-2012,Occupational therapy aides,5.2,5.3,0.1,2.5,0.6,,High school diploma or equivalent,,Short-term on-the-job training,37370.0,41850.0,27970.0,34840.0,44190.0,65580.0,17.97,20.12,13.45,16.75,21.25,31.53,5000.0,Occupational Therapy Aides
31-2021,Physical therapist assistants,111.5,136.0,24.5,22.0,19.8,0.7,Associate's degree,,,65510.0,67160.0,46020.0,58240.0,77270.0,87630.0,31.5,32.29,22.13,28.0,37.15,42.13,108010.0,Physical Therapist Assistants
31-2022,Physical therapist aides,45.6,46.9,1.3,2.8,6.6,0.7,High school diploma or equivalent,,Short-term on-the-job training,34520.0,35510.0,24960.0,29710.0,38240.0,46930.0,16.59,17.07,12.0,14.28,18.39,22.56,44010.0,Physical Therapist Aides
31-9011,Massage therapists,168.0,193.9,25.9,15.4,24.7,41.9,Postsecondary nondegree award,,,57950.0,63430.0,33280.0,44870.0,77170.0,97450.0,27.86,30.5,16.0,21.57,37.1,46.85,96040.0,Massage Therapists
31-9091,Dental assistants,381.9,406.3,24.4,6.4,52.9,0.7,Postsecondary nondegree award,,,47300.0,48860.0,36190.0,39520.0,56910.0,61780.0,22.74,23.49,17.4,19.0,27.36,29.7,375430.0,Dental Assistants
31-9092,Medical assistants,811.0,912.2,101.2,12.5,112.3,,Postsecondary nondegree award,,,44200.0,44720.0,35020.0,37610.0,48160.0,57830.0,21.25,21.5,16.84,18.08,23.15,27.8,793460.0,Medical Assistants
31-9093,Medical equipment preparers,76.5,84.2,7.6,10.0,10.9,3.4,High school diploma or equivalent,,Moderate-term on-the-job training,46490.0,48990.0,35400.0,38910.0,56160.0,67070.0,22.35,23.56,17.02,18.71,27.0,32.25,72760.0,Medical Equipment Preparers
31-9094,Medical transcriptionists,43.9,41.8,-2.2,-4.9,7.4,0.8,Postsecondary nondegree award,,,37550.0,39210.0,26370.0,31200.0,45680.0,53890.0,18.05,18.85,12.68,15.0,21.96,25.91,43070.0,Medical Transcriptionists
31-9095,Pharmacy aides,41.1,41.1,-0.1,-0.1,6.1,,High school diploma or equivalent,,Short-term on-the-job training,37000.0,40290.0,29360.0,34450.0,42570.0,58660.0,17.79,19.37,14.11,16.56,20.46,28.2,41100.0,Pharmacy Aides
31-9096,Veterinary assistants and laboratory animal caretakers,117.8,128.1,10.3,8.7,22.2,0.2,High school diploma or equivalent,,Short-term on-the-job training,37320.0,38990.0,29160.0,34320.0,44550.0,48150.0,17.94,18.74,14.02,16.5,21.42,23.15,114190.0,Veterinary Assistants and Laboratory Animal Caretakers
31-9097,Phlebotomists,139.7,147.5,7.9,5.6,18.4,,Postsecondary nondegree award,,,43660.0,44390.0,34860.0,37540.0,48170.0,57750.0,20.99,21.34,16.76,18.05,23.16,27.77,138880.0,Phlebotomists
31-9099,"Healthcare support workers, all other",109.7,113.5,3.8,3.5,14.4,2.5,High school diploma or equivalent,,,46050.0,48760.0,32450.0,37570.0,57650.0,68180.0,22.14,23.44,15.6,18.06,27.72,32.78,103650.0,"Healthcare Support Workers, All Other"
33-1011,First-line supervisors of correctional officers,57.1,55.5,-1.6,-2.8,4.3,,High school diploma or equivalent,Less than 5 years,,76310.0,82260.0,50340.0,56890.0,102190.0,125170.0,36.69,39.55,24.2,27.35,49.13,60.18,53390.0,First-Line Supervisors of Correctional Officers
33-1012,First-line supervisors of police and detectives,160.8,165.4,4.6,2.9,10.9,,High school diploma or equivalent,Less than 5 years,Moderate-term on-the-job training,105980.0,110990.0,62370.0,80940.0,133520.0,165050.0,50.95,53.36,29.98,38.91,64.19,79.35,153130.0,First-Line Supervisors of Police and Detectives
33-1021,First-line supervisors of firefighting and prevention workers,97.2,100.5,3.4,3.4,6.5,,Postsecondary nondegree award,Less than 5 years,Moderate-term on-the-job training,92430.0,97030.0,53970.0,72240.0,115990.0,142300.0,44.44,46.65,25.95,34.73,55.77,68.41,93680.0,First-Line Supervisors of Firefighting and Prevention Workers
33-1091,First-line supervisors of security workers,71.9,73.8,1.9,2.7,7.0,0.7,High school diploma or equivalent,Less than 5 years,,58610.0,62990.0,37800.0,46070.0,74700.0,93930.0,28.18,30.28,18.17,22.15,35.91,45.16,70310.0,First-Line Supervisors of Security Workers
33-1099,"First-line supervisors of protective service workers, all other",21.5,21.8,0.3,1.6,2.1,0.3,High school diploma or equivalent,Less than 5 years,,74960.0,73320.0,40750.0,51860.0,90600.0,102360.0,36.04,35.25,19.59,24.93,43.56,49.21,20460.0,"First-Line Supervisors of Protective Service Workers, All Other"
33-2011,Firefighters,344.9,356.7,11.8,3.4,27.1,0.0,Postsecondary nondegree award,,Long-term on-the-job training,59530.0,63890.0,34490.0,44180.0,77410.0,101330.0,28.62,30.72,16.58,21.24,37.22,48.72,332240.0,Firefighters
33-2021,Fire inspectors and investigators,14.7,15.2,0.6,3.8,1.5,,Postsecondary nondegree award,5 years or more,Moderate-term on-the-job training,78060.0,87440.0,47580.0,60700.0,105390.0,149870.0,37.53,42.04,22.87,29.19,50.67,72.05,14050.0,Fire Inspectors and Investigators
33-2022,Forest fire inspectors and prevention specialists,2.9,3.3,0.4,14.6,0.3,,High school diploma or equivalent,Less than 5 years,Moderate-term on-the-job training,52380.0,61820.0,33590.0,41000.0,77780.0,100450.0,25.19,29.72,16.15,19.71,37.39,48.29,2780.0,Forest Fire Inspectors and Prevention Specialists
33-3011,Bailiffs,19.0,18.6,-0.4,-2.2,1.8,6.3,High school diploma or equivalent,,Moderate-term on-the-job training,57050.0,62180.0,32950.0,43420.0,77880.0,93950.0,27.43,29.89,15.84,20.87,37.44,45.17,16910.0,Bailiffs
33-3012,Correctional officers and jailers,387.5,357.4,-30.1,-7.8,30.1,,High school diploma or equivalent,,Moderate-term on-the-job training,57970.0,62760.0,41750.0,47520.0,75330.0,93000.0,27.87,30.17,20.07,22.84,36.22,44.71,365380.0,Correctional Officers and Jailers
33-3021,Detectives and criminal investigators,117.9,117.1,-0.8,-0.7,7.8,,High school diploma or equivalent,Less than 5 years,Moderate-term on-the-job training,93580.0,98770.0,54160.0,68390.0,120080.0,159410.0,44.99,47.48,26.04,32.88,57.73,76.64,110790.0,Detectives and Criminal Investigators
33-3031,Fish and game wardens,7.0,6.6,-0.4,-6.0,0.5,,Bachelor's degree,,Moderate-term on-the-job training,68180.0,67990.0,35670.0,53260.0,82100.0,94470.0,32.78,32.69,17.15,25.6,39.47,45.42,6420.0,Fish and Game Wardens
33-3041,Parking enforcement workers,8.4,8.2,-0.1,-1.5,0.7,,High school diploma or equivalent,,Short-term on-the-job training,47150.0,51840.0,35410.0,39930.0,61210.0,76030.0,22.67,24.92,17.03,19.2,29.43,36.55,7770.0,Parking Enforcement Workers
33-3051,Police and sheriff's patrol officers,698.8,720.8,22.0,3.1,53.7,0.1,High school diploma or equivalent,,Moderate-term on-the-job training,76290.0,79320.0,47640.0,58980.0,97190.0,115280.0,36.68,38.14,22.9,28.36,46.73,55.42,666990.0,Police and Sheriff's Patrol Officers
33-3052,Transit and railroad police,3.1,3.2,0.1,3.0,0.2,1.8,High school diploma or equivalent,,Moderate-term on-the-job training,82320.0,91820.0,58370.0,65920.0,114040.0,141870.0,39.58,44.14,28.06,31.69,54.83,68.21,3000.0,Transit and Railroad Police
33-9011,Animal control workers,12.2,12.7,0.5,3.9,1.3,,High school diploma or equivalent,,Moderate-term on-the-job training,45830.0,49240.0,32880.0,38160.0,57110.0,69990.0,22.03,23.67,15.81,18.35,27.46,33.65,11790.0,Animal Control Workers
33-9021,Private detectives and investigators,43.6,46.2,2.6,6.0,3.9,10.8,High school diploma or equivalent,Less than 5 years,Moderate-term on-the-job training,52370.0,61680.0,37250.0,41940.0,75310.0,98770.0,25.18,29.65,17.91,20.16,36.21,47.49,38700.0,Private Detectives and Investigators
33-9031,Gambling surveillance officers and gambling investigators,10.3,10.3,0.0,0.3,1.3,,High school diploma or equivalent,Less than 5 years,Moderate-term on-the-job training,43900.0,46710.0,34020.0,37410.0,50610.0,62360.0,21.11,22.46,16.36,17.99,24.33,29.98,10000.0,Gambling Surveillance Officers and Gambling Investigators
33-9032,Security guards,1262.1,1267.1,5.1,0.4,161.0,0.5,High school diploma or equivalent,,Short-term on-the-job training,38370.0,42890.0,29800.0,35100.0,46660.0,59580.0,18.45,20.62,14.33,16.88,22.43,28.64,1241770.0,Security Guards
33-9091,Crossing guards and flaggers,91.4,94.7,3.3,3.6,18.0,,No formal educational credential,,Short-term on-the-job training,37700.0,42910.0,29940.0,34280.0,46920.0,61440.0,18.13,20.63,14.39,16.48,22.56,29.54,90180.0,Crossing Guards and Flaggers
33-9092,"Lifeguards, ski patrol, and other recreational protective service workers",149.7,158.4,8.7,5.8,42.7,,No formal educational credential,,Short-term on-the-job training,33720.0,34700.0,24860.0,28840.0,37750.0,44600.0,16.21,16.68,11.95,13.86,18.15,21.44,143590.0,"Lifeguards, Ski Patrol, and Other Recreational Protective Service Workers"
33-9093,Transportation security screeners,50.1,47.1,-3.0,-6.0,4.7,0.3,High school diploma or equivalent,,Short-term on-the-job training,63360.0,61840.0,45010.0,52210.0,69990.0,75940.0,30.46,29.73,21.64,25.1,33.65,36.51,46340.0,Transportation Security Screeners
33-9094,School bus monitors,71.4,69.5,-2.0,-2.7,12.6,,High school diploma or equivalent,,Short-term on-the-job training,34980.0,35270.0,27250.0,31200.0,38840.0,43240.0,16.82,16.96,13.1,15.0,18.67,20.79,72140.0,School Bus Monitors
33-9099,"Protective service workers, all other",84.0,86.1,2.1,2.5,23.3,,High school diploma or equivalent,,Short-term on-the-job training,41600.0,48210.0,30620.0,35540.0,54310.0,72670.0,20.0,23.18,14.72,17.09,26.11,34.94,83110.0,"Protective Service Workers, All Other"
35-1011,Chefs and head cooks,197.3,211.3,14.0,7.1,24.4,6.3,High school diploma or equivalent,5 years or more,,60990.0,64720.0,36000.0,47710.0,76790.0,96030.0,29.32,31.11,17.31,22.94,36.92,46.17,182320.0,Chefs and Head Cooks
35-1012,First-line supervisors of food preparation and serving workers,1215.0,1288.0,73.0,6.0,183.9,1.6,High school diploma or equivalent,Less than 5 years,,42010.0,44900.0,29340.0,35400.0,50920.0,63420.0,20.2,21.59,14.11,17.02,24.48,30.49,1187460.0,First-Line Supervisors of Food Preparation and Serving Workers
35-2011,"Cooks, fast food",669.5,579.2,-90.3,-13.5,82.1,,No formal educational credential,,Short-term on-the-job training,30160.0,31140.0,22370.0,26540.0,35710.0,38980.0,14.5,14.97,10.76,12.76,17.17,18.74,668230.0,"Cooks, Fast Food"
35-2012,"Cooks, institution and cafeteria",466.1,475.4,9.3,2.0,69.7,,No formal educational credential,,Short-term on-the-job training,36450.0,37310.0,26800.0,30530.0,42860.0,48320.0,17.53,17.94,12.88,14.68,20.61,23.23,448260.0,"Cooks, Institution and Cafeteria"
35-2013,"Cooks, private household",34.2,36.0,1.7,5.1,5.3,86.9,Postsecondary nondegree award,Less than 5 years,,44530.0,51290.0,38240.0,42800.0,47150.0,92480.0,21.41,24.66,18.39,20.58,22.67,44.46,900.0,"Cooks, Private Household"
35-2014,"Cooks, restaurant",1460.2,1677.2,217.0,14.9,250.7,,No formal educational credential,Less than 5 years,Moderate-term on-the-job training,36830.0,37730.0,28010.0,31310.0,43610.0,47340.0,17.71,18.14,13.47,15.05,20.97,22.76,1452130.0,"Cooks, Restaurant"
35-2015,"Cooks, short order",151.1,142.7,-8.4,-5.6,20.6,,No formal educational credential,,Short-term on-the-job training,35620.0,35660.0,23770.0,30160.0,39990.0,46010.0,17.12,17.14,11.43,14.5,19.23,22.12,150420.0,"Cooks, Short Order"
35-2019,"Cooks, all other",24.0,25.3,1.3,5.5,3.7,,No formal educational credential,,Moderate-term on-the-job training,36210.0,38000.0,26430.0,31200.0,42230.0,49600.0,17.41,18.27,12.71,15.0,20.3,23.85,23590.0,"Cooks, All Other"
35-2021,Food preparation workers,902.7,871.8,-30.9,-3.4,148.0,0.5,No formal educational credential,,Short-term on-the-job training,34220.0,33940.0,23490.0,28740.0,37540.0,44260.0,16.45,16.32,11.29,13.82,18.05,21.28,888770.0,Food Preparation Workers
35-3011,Bartenders,756.7,801.5,44.8,5.9,129.6,0.4,No formal educational credential,,Short-term on-the-job training,33530.0,39880.0,19930.0,25790.0,46790.0,71920.0,16.12,19.17,9.58,12.4,22.5,34.58,745610.0,Bartenders
35-3023,Fast food and counter workers,3796.0,4029.2,233.2,6.1,904.3,0.1,No formal educational credential,,Short-term on-the-job training,30480.0,31350.0,22620.0,27150.0,35440.0,38800.0,14.65,15.07,10.88,13.05,17.04,18.65,3780930.0,Fast Food and Counter Workers
35-3031,Waiters and waitresses,2329.7,2313.5,-16.3,-0.7,456.7,0.7,No formal educational credential,,Short-term on-the-job training,33760.0,38360.0,18500.0,25690.0,45350.0,62510.0,16.23,18.44,8.89,12.35,21.8,30.06,2302690.0,Waiters and Waitresses
35-3041,"Food servers, nonrestaurant",277.2,285.3,8.2,3.0,48.0,0.1,No formal educational credential,,Short-term on-the-job training,34460.0,35030.0,26590.0,29800.0,37550.0,44770.0,16.57,16.84,12.78,14.33,18.05,21.53,271780.0,"Food Servers, Nonrestaurant"
35-9011,Dining room and cafeteria attendants and bartender helpers,527.4,560.6,33.1,6.3,99.6,0.2,No formal educational credential,,Short-term on-the-job training,32670.0,34190.0,22260.0,27830.0,36880.0,46380.0,15.71,16.44,10.7,13.38,17.73,22.3,522010.0,Dining Room and Cafeteria Attendants and Bartender Helpers
35-9021,Dishwashers,477.7,478.6,0.9,0.2,76.8,0.6,No formal educational credential,,Short-term on-the-job training,33670.0,33220.0,23960.0,28740.0,36750.0,41600.0,16.19,15.97,11.52,13.82,17.67,20.0,471670.0,Dishwashers
35-9031,"Hosts and hostesses, restaurant, lounge, and coffee shop",429.9,423.5,-6.4,-1.5,107.7,0.1,No formal educational credential,,Short-term on-the-job training,30380.0,32030.0,22010.0,26630.0,35840.0,42600.0,14.61,15.4,10.58,12.8,17.23,20.48,427150.0,"Hosts and Hostesses, Restaurant, Lounge, and Coffee Shop"
35-9099,"Food preparation and serving related workers, all other",90.5,96.3,5.8,6.4,14.6,,No formal educational credential,,Short-term on-the-job training,34830.0,35990.0,24040.0,29890.0,38860.0,47360.0,16.74,17.3,11.56,14.37,18.68,22.77,89580.0,"Food Preparation and Serving Related Workers, All Other"
37-1011,First-line supervisors of housekeeping and janitorial workers,269.8,276.4,6.7,2.5,33.0,32.6,High school diploma or equivalent,Less than 5 years,,47520.0,51170.0,34390.0,38600.0,60330.0,74190.0,22.85,24.6,16.53,18.56,29.0,35.67,174660.0,First-Line Supervisors of Housekeeping and Janitorial Workers
37-1012,"First-line supervisors of landscaping, lawn service, and groundskeeping workers",224.7,230.0,5.2,2.3,23.2,43.9,High school diploma or equivalent,Less than 5 years,,56170.0,59380.0,39270.0,46350.0,70320.0,83080.0,27.01,28.55,18.88,22.28,33.81,39.94,124130.0,"First-Line Supervisors of Landscaping, Lawn Service, and Groundskeeping Workers"
37-2011,"Janitors and cleaners, except maids and housekeeping cleaners",2447.7,2495.5,47.8,2.0,351.3,5.5,No formal educational credential,,Short-term on-the-job training,35930.0,37460.0,27570.0,30830.0,41650.0,49040.0,17.27,18.01,13.26,14.82,20.02,23.58,2199900.0,"Janitors and Cleaners, Except Maids and Housekeeping Cleaners"
37-2012,Maids and housekeeping cleaners,1356.8,1362.8,6.0,0.4,193.5,12.8,No formal educational credential,,Short-term on-the-job training,34660.0,36180.0,26800.0,29630.0,38510.0,47590.0,16.66,17.39,12.88,14.25,18.52,22.88,854910.0,Maids and Housekeeping Cleaners
37-2019,"Building cleaning workers, all other",18.1,18.5,0.5,2.5,2.6,6.8,No formal educational credential,,Short-term on-the-job training,42360.0,44150.0,30640.0,35610.0,48400.0,61640.0,20.37,21.23,14.73,17.12,23.27,29.64,16370.0,"Building Cleaning Workers, All Other"
37-2021,Pest control workers,102.4,107.5,5.1,4.9,13.4,0.9,High school diploma or equivalent,,Moderate-term on-the-job training,44730.0,45800.0,32460.0,37060.0,49300.0,61410.0,21.51,22.02,15.61,17.82,23.7,29.52,96110.0,Pest Control Workers
37-3011,Landscaping and groundskeeping workers,1192.5,1235.0,42.4,3.6,158.2,19.7,No formal educational credential,,Short-term on-the-job training,38090.0,40880.0,29990.0,35250.0,45870.0,53900.0,18.31,19.66,14.42,16.95,22.05,25.91,943430.0,Landscaping and Groundskeeping Workers
37-3012,"Pesticide handlers, sprayers, and applicators, vegetation",29.6,30.7,1.1,3.8,4.1,1.9,High school diploma or equivalent,,Moderate-term on-the-job training,45200.0,45960.0,34590.0,38040.0,50960.0,58910.0,21.73,22.1,16.63,18.29,24.5,28.32,25200.0,"Pesticide Handlers, Sprayers, and Applicators, Vegetation"
37-3013,Tree trimmers and pruners,60.1,62.1,2.0,3.3,7.4,16.5,High school diploma or equivalent,,Short-term on-the-job training,50430.0,54970.0,37660.0,43690.0,63130.0,78900.0,24.25,26.43,18.11,21.0,30.35,37.93,47870.0,Tree Trimmers and Pruners
37-3019,"Grounds maintenance workers, all other",14.1,14.5,0.3,2.4,1.9,1.4,No formal educational credential,,Short-term on-the-job training,43410.0,47180.0,30790.0,37810.0,52830.0,76090.0,20.87,22.68,14.8,18.18,25.4,36.58,13580.0,"Grounds Maintenance Workers, All Other"
39-1013,First-line supervisors of gambling services workers,32.5,33.1,0.6,2.0,3.3,19.1,High school diploma or equivalent,Less than 5 years,,61590.0,62600.0,38360.0,49190.0,74080.0,82370.0,29.61,30.1,18.44,23.65,35.62,39.6,25530.0,First-Line Supervisors of Gambling Services Workers
39-1014,"First-line supervisors of entertainment and recreation workers, except gambling services",123.3,131.1,7.8,6.3,13.4,21.5,High school diploma or equivalent,Less than 5 years,,46900.0,51400.0,32960.0,37960.0,60190.0,76430.0,22.55,24.71,15.85,18.25,28.94,36.75,92830.0,"First-Line Supervisors of Entertainment and Recreation Workers, Except Gambling Services"
39-1022,First-line supervisors of personal service workers,149.1,159.1,10.0,6.7,16.3,24.7,High school diploma or equivalent,Less than 5 years,,47080.0,50920.0,32150.0,37800.0,59330.0,73800.0,22.64,24.48,15.46,18.17,28.52,35.48,107060.0,First-Line Supervisors of Personal Service Workers
39-2011,Animal trainers,47.3,49.8,2.4,5.1,7.1,38.8,High school diploma or equivalent,,Moderate-term on-the-job training,38750.0,45780.0,29120.0,32870.0,48900.0,70800.0,18.63,22.01,14.0,15.81,23.51,34.04,20110.0,Animal Trainers
39-2021,Animal caretakers,392.1,439.6,47.6,12.1,74.6,25.2,High school diploma or equivalent,,Short-term on-the-job training,33470.0,34750.0,24500.0,28870.0,37160.0,46480.0,16.09,16.71,11.78,13.88,17.87,22.35,277300.0,Animal Caretakers
39-3011,Gambling dealers,88.7,88.1,-0.6,-0.6,14.1,3.9,High school diploma or equivalent,,Short-term on-the-job training,33280.0,40420.0,22340.0,24480.0,45430.0,73530.0,16.0,19.43,10.74,11.77,21.84,35.35,82980.0,Gambling Dealers
39-3012,Gambling and sports book writers and runners,8.2,7.7,-0.5,-6.1,1.2,4.4,High school diploma or equivalent,,Short-term on-the-job training,30460.0,32570.0,22200.0,24960.0,36310.0,45900.0,14.65,15.66,10.68,12.0,17.46,22.07,7600.0,Gambling and Sports Book Writers and Runners
39-3019,"Gambling service workers, all other",16.1,16.0,-0.1,-0.6,2.6,3.9,High school diploma or equivalent,,Short-term on-the-job training,34530.0,37590.0,22880.0,27570.0,38950.0,56740.0,16.6,18.07,11.0,13.25,18.73,27.28,14920.0,"Gambling Service Workers, All Other"
39-3021,Motion picture projectionists,2.0,2.0,-0.1,-3.7,0.5,,No formal educational credential,,Short-term on-the-job training,38180.0,50290.0,24160.0,29250.0,75380.0,82040.0,18.35,24.18,11.62,14.06,36.24,39.44,1950.0,Motion Picture Projectionists
39-3031,"Ushers, lobby attendants, and ticket takers",121.7,123.1,1.4,1.2,30.8,,No formal educational credential,,Short-term on-the-job training,31150.0,31770.0,22880.0,27140.0,35650.0,40210.0,14.98,15.27,11.0,13.05,17.14,19.33,119210.0,"Ushers, Lobby Attendants, and Ticket Takers"
39-3091,Amusement and recreation attendants,392.3,405.5,13.2,3.4,102.4,1.1,No formal educational credential,,Short-term on-the-job training,30490.0,31350.0,21940.0,26430.0,35360.0,39940.0,14.66,15.07,10.55,12.71,17.0,19.2,371590.0,Amusement and Recreation Attendants
39-3092,Costume attendants,6.7,7.1,0.4,5.9,1.8,1.2,High school diploma or equivalent,,Short-term on-the-job training,54810.0,65890.0,33610.0,39240.0,83090.0,115240.0,26.35,31.68,16.16,18.86,39.95,55.4,6290.0,Costume Attendants
39-3093,"Locker room, coatroom, and dressing room attendants",15.6,16.6,1.0,6.4,4.2,1.2,High school diploma or equivalent,,Short-term on-the-job training,34800.0,36490.0,23530.0,29120.0,41530.0,50790.0,16.73,17.54,11.31,14.0,19.97,24.42,14960.0,"Locker Room, Coatroom, and Dressing Room Attendants"
39-3099,"Entertainment attendants and related workers, all other",8.5,8.8,0.3,3.6,2.2,1.1,High school diploma or equivalent,,Short-term on-the-job training,34550.0,36180.0,22700.0,28180.0,40360.0,52860.0,16.61,17.4,10.91,13.55,19.4,25.41,8060.0,"Entertainment Attendants and Related Workers, All Other"
39-4011,Embalmers,3.6,3.7,0.0,1.3,0.6,4.8,Associate's degree,,Long-term on-the-job training,56280.0,57520.0,35160.0,46160.0,64760.0,78740.0,27.06,27.65,16.9,22.19,31.13,37.86,3420.0,Embalmers
39-4012,Crematory operators,3.1,3.2,0.1,3.3,0.6,4.8,High school diploma or equivalent,,Short-term on-the-job training,42880.0,44790.0,31970.0,35890.0,49800.0,60260.0,20.62,21.53,15.37,17.25,23.94,28.97,2950.0,Crematory Operators
39-4021,Funeral attendants,32.5,33.5,1.0,3.1,5.7,4.8,High school diploma or equivalent,,Short-term on-the-job training,34610.0,35900.0,26820.0,29420.0,39230.0,46690.0,16.64,17.26,12.89,14.14,18.86,22.45,30560.0,Funeral Attendants
39-4031,"Morticians, undertakers, and funeral arrangers",27.5,28.4,0.8,3.1,3.2,5.0,Associate's degree,,Long-term on-the-job training,49800.0,56340.0,31470.0,38470.0,67140.0,85940.0,23.94,27.09,15.13,18.49,32.28,41.32,25700.0,"Morticians, Undertakers, and Funeral Arrangers"
39-5011,Barbers,76.0,79.2,3.1,4.1,8.4,75.6,Postsecondary nondegree award,,,38960.0,47800.0,27770.0,32050.0,59180.0,78440.0,18.73,22.98,13.35,15.41,28.45,37.71,18100.0,Barbers
39-5012,"Hairdressers, hairstylists, and cosmetologists",575.2,607.4,32.2,5.6,75.8,47.6,Postsecondary nondegree award,,,35250.0,43460.0,24580.0,29060.0,48300.0,70220.0,16.95,20.89,11.82,13.97,23.22,33.76,295460.0,"Hairdressers, Hairstylists, and Cosmetologists"
39-5091,"Makeup artists, theatrical and performance",7.0,7.6,0.6,8.1,1.1,50.3,Postsecondary nondegree award,,,50280.0,75410.0,22010.0,28850.0,132530.0,157090.0,24.17,36.25,10.58,13.87,63.72,75.52,3320.0,"Makeup Artists, Theatrical and Performance"
39-5092,Manicurists and pedicurists,210.1,224.8,14.7,7.0,24.8,28.0,Postsecondary nondegree award,,,34660.0,36910.0,27910.0,31510.0,37660.0,47990.0,16.66,17.74,13.42,15.15,18.11,23.07,147820.0,Manicurists and Pedicurists
39-5093,Shampooers,18.5,19.6,1.0,5.5,2.7,50.9,No formal educational credential,,Short-term on-the-job training,31470.0,30830.0,22880.0,27390.0,35610.0,35970.0,15.13,14.82,11.0,13.17,17.12,17.3,8890.0,Shampooers
39-5094,Skincare specialists,97.4,103.9,6.6,6.7,14.5,26.4,Postsecondary nondegree award,,,41560.0,48670.0,27160.0,34130.0,55860.0,77330.0,19.98,23.4,13.06,16.41,26.86,37.18,70240.0,Skincare Specialists
39-6011,Baggage porters and bellhops,32.5,32.0,-0.5,-1.6,4.6,,High school diploma or equivalent,,Short-term on-the-job training,36020.0,36960.0,25480.0,29830.0,40780.0,48490.0,17.32,17.77,12.25,14.34,19.61,23.31,31220.0,Baggage Porters and Bellhops
39-6012,Concierges,45.6,46.7,1.1,2.3,6.8,,High school diploma or equivalent,,Moderate-term on-the-job training,37320.0,40770.0,30770.0,33860.0,45700.0,58050.0,17.94,19.6,14.79,16.28,21.97,27.91,44200.0,Concierges
39-7010,Tour and travel guides,55.8,60.3,4.5,8.1,13.0,9.8,High school diploma or equivalent,,Moderate-term on-the-job training,36660.0,43090.0,26890.0,31250.0,45910.0,59930.0,17.63,20.72,12.93,15.03,22.07,28.81,49010.0,Tour and Travel Guides
39-9011,Childcare workers,991.6,962.4,-29.2,-2.9,160.2,21.2,High school diploma or equivalent,,Short-term on-the-job training,32050.0,33140.0,22900.0,28000.0,36960.0,44560.0,15.41,15.93,11.01,13.46,17.77,21.42,520180.0,Childcare Workers
39-9031,Exercise trainers and group fitness instructors,370.1,414.2,44.1,11.9,74.2,14.3,High school diploma or equivalent,,Short-term on-the-job training,46180.0,51360.0,27580.0,34090.0,60920.0,82050.0,22.2,24.69,13.26,16.39,29.29,39.45,303620.0,Exercise Trainers and Group Fitness Instructors
39-9032,Recreation workers,327.7,341.1,13.4,4.1,68.1,0.4,High school diploma or equivalent,,Short-term on-the-job training,35380.0,37170.0,25640.0,30460.0,41120.0,49460.0,17.01,17.87,12.33,14.65,19.77,23.78,309640.0,Recreation Workers
39-9041,Residential advisors,91.2,94.7,3.5,3.8,17.4,2.2,High school diploma or equivalent,,Short-term on-the-job training,39180.0,41590.0,28490.0,33890.0,47590.0,58350.0,18.84,19.99,13.7,16.29,22.88,28.05,82810.0,Residential Advisors
39-9099,"Personal care and service workers, all other",94.4,100.4,6.0,6.4,16.1,26.1,High school diploma or equivalent,,Short-term on-the-job training,37900.0,37990.0,24980.0,32450.0,39190.0,49300.0,18.22,18.27,12.01,15.6,18.84,23.7,62390.0,"Personal Care and Service Workers, All Other"
41-1011,First-line supervisors of retail sales workers,1432.6,1360.3,-72.3,-5.0,125.1,22.5,High school diploma or equivalent,Less than 5 years,,47320.0,52350.0,31120.0,37580.0,60510.0,76560.0,22.75,25.17,14.96,18.07,29.09,36.81,1113160.0,First-Line Supervisors of Retail Sales Workers
41-1012,First-line supervisors of non-retail sales workers,320.0,320.0,0.0,0.0,24.8,30.0,High school diploma or equivalent,Less than 5 years,,84130.0,97870.0,48880.0,62730.0,118190.0,162120.0,40.45,47.06,23.5,30.16,56.82,77.94,219010.0,First-Line Supervisors of Non-Retail Sales Workers
41-2011,Cashiers,3157.2,2843.6,-313.6,-9.9,542.6,0.2,No formal educational credential,,Short-term on-the-job training,31190.0,31810.0,23070.0,27780.0,35410.0,38220.0,14.99,15.29,11.09,13.36,17.02,18.37,3148030.0,Cashiers
41-2012,Gambling change persons and booth cashiers,22.6,21.1,-1.5,-6.4,4.0,,No formal educational credential,,Short-term on-the-job training,34810.0,36820.0,22810.0,28870.0,39350.0,49190.0,16.74,17.7,10.96,13.88,18.92,23.65,21930.0,Gambling Change Persons and Booth Cashiers
41-2021,Counter and rental clerks,408.2,421.3,13.1,3.2,45.9,0.9,No formal educational credential,,Short-term on-the-job training,38540.0,43700.0,28580.0,34200.0,48290.0,62030.0,18.53,21.01,13.74,16.44,23.22,29.82,398620.0,Counter and Rental Clerks
41-2022,Parts salespersons,272.1,280.6,8.5,3.1,30.2,1.6,No formal educational credential,,Moderate-term on-the-job training,37440.0,42390.0,27770.0,30630.0,48410.0,61750.0,18.0,20.38,13.35,14.73,23.27,29.69,265060.0,Parts Salespersons
41-2031,Retail salespersons,3936.7,3917.1,-19.6,-0.5,555.8,4.0,No formal educational credential,,Short-term on-the-job training,34580.0,37150.0,25600.0,29140.0,37850.0,47930.0,16.62,17.86,12.31,14.01,18.2,23.05,3800250.0,Retail Salespersons
41-3011,Advertising sales agents,103.7,97.1,-6.6,-6.4,9.3,5.3,High school diploma or equivalent,,Moderate-term on-the-job training,61460.0,76350.0,33480.0,44980.0,91430.0,133540.0,29.55,36.71,16.09,21.63,43.96,64.2,97470.0,Advertising Sales Agents
41-3021,Insurance sales agents,568.8,589.8,21.1,3.7,47.0,12.5,High school diploma or equivalent,,Moderate-term on-the-job training,60370.0,81510.0,36390.0,45520.0,91150.0,135660.0,29.02,39.19,17.5,21.88,43.82,65.22,469480.0,Insurance Sales Agents
41-3031,"Securities, commodities, and financial services sales agents",514.5,531.6,17.1,3.3,38.1,6.6,Bachelor's degree,,Moderate-term on-the-job training,78140.0,110400.0,47080.0,51600.0,129480.0,215210.0,37.57,53.08,22.63,24.81,62.25,103.47,472300.0,"Securities, Commodities, and Financial Services Sales Agents"
41-3041,Travel agents,65.7,67.2,1.4,2.2,7.1,11.2,High school diploma or equivalent,,Moderate-term on-the-job training,48450.0,52690.0,33280.0,38760.0,60880.0,74160.0,23.29,25.33,16.0,18.64,29.27,35.65,59150.0,Travel Agents
41-3091,"Sales representatives of services, except advertising, insurance, financial services, and travel",1226.7,1264.7,37.9,3.1,123.0,2.1,High school diploma or equivalent,,Moderate-term on-the-job training,66260.0,81260.0,36930.0,47120.0,98780.0,142040.0,31.86,39.07,17.76,22.65,47.49,68.29,1189330.0,"Sales Representatives of Services, Except Advertising, Insurance, Financial Services, and Travel"
41-4011,"Sales representatives, wholesale and manufacturing, technical and scientific products",303.2,308.9,5.7,1.9,27.2,2.1,Bachelor's degree,,Moderate-term on-the-job training,100070.0,114520.0,48840.0,65640.0,146150.0,194890.0,48.11,55.06,23.48,31.56,70.26,93.7,293930.0,"Sales Representatives, Wholesale and Manufacturing, Technical and Scientific Products"
41-4012,"Sales representatives, wholesale and manufacturing, except technical and scientific products",1310.5,1314.9,4.4,0.3,114.8,2.1,High school diploma or equivalent,,Moderate-term on-the-job training,66780.0,81470.0,37860.0,49040.0,97570.0,134470.0,32.11,39.17,18.2,23.58,46.91,64.65,1266860.0,"Sales Representatives, Wholesale and Manufacturing, Except Technical and Scientific Products"
41-9011,Demonstrators and product promoters,79.2,79.1,-0.1,-0.1,14.0,18.2,No formal educational credential,,Short-term on-the-job training,37960.0,43730.0,30910.0,33860.0,50100.0,60320.0,18.25,21.03,14.86,16.28,24.09,29.0,64770.0,Demonstrators and Product Promoters
41-9012,Models,6.7,6.7,0.0,-0.5,1.2,16.3,No formal educational credential,,,89990.0,81540.0,38010.0,45760.0,89990.0,124380.0,43.26,39.2,18.27,22.0,43.26,59.8,5350.0,Models
41-9021,Real estate brokers,111.3,115.0,3.7,3.3,9.7,54.5,High school diploma or equivalent,Less than 5 years,,72280.0,91660.0,36920.0,48200.0,114220.0,166730.0,34.75,44.07,17.75,23.17,54.91,80.16,49590.0,Real Estate Brokers
41-9022,Real estate sales agents,420.9,433.7,12.8,3.1,36.6,53.7,High school diploma or equivalent,,Moderate-term on-the-job training,56320.0,70970.0,31940.0,38940.0,85440.0,125140.0,27.08,34.12,15.36,18.72,41.08,60.16,190600.0,Real Estate Sales Agents
41-9031,Sales engineers,56.8,59.9,3.1,5.5,5.0,,Bachelor's degree,,Moderate-term on-the-job training,121520.0,130410.0,70580.0,90690.0,159200.0,202670.0,58.42,62.7,33.93,43.6,76.54,97.44,56690.0,Sales Engineers
41-9041,Telemarketers,67.4,52.5,-14.9,-22.1,6.5,0.6,No formal educational credential,,Short-term on-the-job training,34410.0,36340.0,24620.0,29120.0,38640.0,48930.0,16.54,17.47,11.84,14.0,18.58,23.52,66430.0,Telemarketers
41-9091,"Door-to-door sales workers, news and street vendors, and related workers",25.3,22.8,-2.5,-10.0,2.7,81.8,No formal educational credential,,Short-term on-the-job training,34530.0,39890.0,23440.0,31200.0,42970.0,55970.0,16.6,19.18,11.27,15.0,20.66,26.91,4590.0,"Door-to-Door Sales Workers, News and Street Vendors, and Related Workers"
41-9099,"Sales and related workers, all other",122.6,127.1,4.5,3.7,16.0,14.8,High school diploma or equivalent,,,46370.0,57030.0,28060.0,35040.0,66240.0,95850.0,22.29,27.42,13.49,16.85,31.85,46.08,99070.0,"Sales and Related Workers, All Other"
43-1011,First-line supervisors of office and administrative support workers,1558.4,1554.4,-3.9,-0.3,144.5,0.7,High school diploma or equivalent,Less than 5 years,,66140.0,71560.0,43920.0,53190.0,82340.0,102980.0,31.8,34.4,21.12,25.57,39.59,49.51,1495580.0,First-Line Supervisors of Office and Administrative Support Workers
43-2011,"Switchboard operators, including answering service",36.6,27.0,-9.6,-26.3,2.8,,High school diploma or equivalent,,Short-term on-the-job training,38370.0,42130.0,29820.0,34250.0,46330.0,60940.0,18.45,20.26,14.34,16.47,22.27,29.3,35730.0,"Switchboard Operators, Including Answering Service"
43-2021,Telephone operators,4.0,2.9,-1.1,-27.5,0.3,,High school diploma or equivalent,,Short-term on-the-job training,39130.0,42880.0,31440.0,35860.0,48530.0,57510.0,18.81,20.62,15.11,17.24,23.33,27.65,3950.0,Telephone Operators
43-2099,"Communications equipment operators, all other",1.4,1.5,0.0,2.5,0.1,,High school diploma or equivalent,,Short-term on-the-job training,49910.0,55890.0,35980.0,44620.0,64310.0,89110.0,24.0,26.87,17.3,21.45,30.92,42.84,1390.0,"Communications Equipment Operators, All Other"
43-3011,Bill and account collectors,166.9,149.4,-17.5,-10.5,13.7,0.2,High school diploma or equivalent,,Moderate-term on-the-job training,46040.0,48370.0,33960.0,38290.0,54990.0,65830.0,22.14,23.25,16.33,18.41,26.44,31.65,165020.0,Bill and Account Collectors
43-3021,Billing and posting clerks,429.8,427.9,-1.9,-0.4,42.2,0.8,High school diploma or equivalent,,Moderate-term on-the-job training,47170.0,49490.0,35760.0,40260.0,56350.0,64990.0,22.68,23.8,17.19,19.35,27.09,31.25,417500.0,Billing and Posting Clerks
43-3031,"Bookkeeping, accounting, and auditing clerks",1613.4,1519.1,-94.3,-5.8,170.0,5.2,"Some college, no degree",,Moderate-term on-the-job training,49210.0,52020.0,34600.0,41390.0,60220.0,72660.0,23.66,25.01,16.64,19.9,28.95,34.94,1455770.0,"Bookkeeping, Accounting, and Auditing Clerks"
43-3041,Gambling cage workers,14.1,13.4,-0.7,-5.0,1.3,1.6,High school diploma or equivalent,,Short-term on-the-job training,36990.0,38600.0,27940.0,31870.0,43840.0,49350.0,17.78,18.56,13.43,15.32,21.08,23.72,13490.0,Gambling Cage Workers
43-3051,Payroll and timekeeping clerks,161.1,134.2,-27.0,-16.7,13.0,0.9,High school diploma or equivalent,,Moderate-term on-the-job training,55290.0,56870.0,36670.0,45440.0,65750.0,78830.0,26.58,27.34,17.63,21.85,31.61,37.9,156950.0,Payroll and Timekeeping Clerks
43-3061,Procurement clerks,61.9,56.6,-5.4,-8.7,4.6,,High school diploma or equivalent,,Moderate-term on-the-job training,48510.0,50430.0,36810.0,41240.0,57680.0,65890.0,23.32,24.25,17.7,19.83,27.73,31.68,59900.0,Procurement Clerks
43-3071,Tellers,347.4,302.5,-44.9,-12.9,29.8,,High school diploma or equivalent,,Short-term on-the-job training,39340.0,40940.0,31270.0,36420.0,45550.0,48270.0,18.91,19.68,15.04,17.51,21.9,23.21,339340.0,Tellers
43-3099,"Financial clerks, all other",38.9,39.4,0.5,1.4,4.0,2.7,High school diploma or equivalent,,Short-term on-the-job training,52150.0,55330.0,38770.0,46350.0,61190.0,75860.0,25.07,26.6,18.64,22.28,29.42,36.47,37030.0,"Financial Clerks, All Other"
43-4011,Brokerage clerks,40.8,36.9,-3.9,-9.5,4.1,,High school diploma or equivalent,,Moderate-term on-the-job training,62940.0,67680.0,47730.0,53880.0,77400.0,91650.0,30.26,32.54,22.95,25.9,37.21,44.06,40090.0,Brokerage Clerks
43-4021,Correspondence clerks,6.9,6.5,-0.4,-5.6,0.7,5.1,High school diploma or equivalent,,Short-term on-the-job training,46740.0,46610.0,33530.0,38510.0,52480.0,62200.0,22.47,22.41,16.12,18.51,25.23,29.9,6260.0,Correspondence Clerks
43-4031,"Court, municipal, and license clerks",180.4,185.9,5.5,3.0,18.5,1.0,High school diploma or equivalent,,Long-term on-the-job training,47700.0,51200.0,34860.0,39730.0,59590.0,72370.0,22.93,24.61,16.76,19.1,28.65,34.8,170010.0,"Court, Municipal, and License Clerks"
43-4041,"Credit authorizers, checkers, and clerks",12.0,11.3,-0.7,-6.2,1.0,,High school diploma or equivalent,,Moderate-term on-the-job training,49130.0,51270.0,34590.0,40850.0,59530.0,71730.0,23.62,24.65,16.63,19.64,28.62,34.49,11960.0,"Credit Authorizers, Checkers, and Clerks"
43-4051,Customer service representatives,2814.0,2660.3,-153.7,-5.5,341.7,0.8,High school diploma or equivalent,,Short-term on-the-job training,42830.0,45380.0,30690.0,35970.0,50140.0,62730.0,20.59,21.82,14.75,17.29,24.11,30.16,2725930.0,Customer Service Representatives
43-4061,"Eligibility interviewers, government programs",166.8,168.5,1.7,1.0,14.0,0.3,High school diploma or equivalent,,Moderate-term on-the-job training,51500.0,53970.0,37690.0,43850.0,61680.0,72280.0,24.76,25.95,18.12,21.08,29.65,34.75,156260.0,"Eligibility Interviewers, Government Programs"
43-4071,File clerks,84.3,70.9,-13.4,-15.9,7.3,2.9,High school diploma or equivalent,,Short-term on-the-job training,41270.0,43700.0,29620.0,35120.0,50020.0,61080.0,19.84,21.01,14.24,16.88,24.05,29.36,78980.0,File Clerks
43-4081,"Hotel, motel, and resort desk clerks",264.2,274.0,9.9,3.7,43.6,,High school diploma or equivalent,,Short-term on-the-job training,34270.0,34740.0,26600.0,29210.0,37430.0,44720.0,16.48,16.7,12.79,14.05,17.99,21.5,261430.0,"Hotel, Motel, and Resort Desk Clerks"
43-4111,"Interviewers, except eligibility and loan",164.3,145.1,-19.1,-11.6,15.8,0.6,High school diploma or equivalent,,Short-term on-the-job training,43830.0,45400.0,31980.0,37380.0,50440.0,60960.0,21.07,21.83,15.38,17.97,24.25,29.31,157310.0,"Interviewers, Except Eligibility and Loan"
43-4121,"Library assistants, clerical",84.5,78.9,-5.6,-6.7,12.8,,High school diploma or equivalent,,Short-term on-the-job training,36010.0,37910.0,25090.0,30190.0,44200.0,52790.0,17.31,18.22,12.06,14.52,21.25,25.38,80070.0,"Library Assistants, Clerical"
43-4131,Loan interviewers and clerks,177.6,173.5,-4.1,-2.3,13.3,0.9,High school diploma or equivalent,,Short-term on-the-job training,48950.0,51050.0,36360.0,42720.0,59520.0,65910.0,23.53,24.54,17.48,20.54,28.61,31.69,173100.0,Loan Interviewers and Clerks
43-4141,New accounts clerks,38.9,33.8,-5.2,-13.2,2.3,,High school diploma or equivalent,,Moderate-term on-the-job training,46610.0,47610.0,36980.0,40050.0,51510.0,60110.0,22.41,22.89,17.78,19.26,24.77,28.9,38030.0,New Accounts Clerks
43-4151,Order clerks,89.5,74.1,-15.4,-17.2,8.0,5.5,"Some college, no degree",,Short-term on-the-job training,44660.0,46270.0,33530.0,38110.0,51890.0,61680.0,21.47,22.24,16.12,18.32,24.95,29.66,83420.0,Order Clerks
43-4161,"Human resources assistants, except payroll and timekeeping",95.2,88.4,-6.8,-7.1,9.0,0.3,Associate's degree,,,49440.0,50950.0,36090.0,42360.0,58560.0,67140.0,23.77,24.5,17.35,20.36,28.16,32.28,92580.0,"Human Resources Assistants, Except Payroll and Timekeeping"
43-4171,Receptionists and information clerks,1007.2,1007.6,0.3,0.0,128.5,0.6,High school diploma or equivalent,,Short-term on-the-job training,37230.0,38480.0,28280.0,32660.0,44070.0,48870.0,17.9,18.5,13.6,15.7,21.19,23.49,964530.0,Receptionists and Information Clerks
43-4181,Reservation and transportation ticket agents and travel clerks,131.9,135.6,3.7,2.8,14.4,3.0,High school diploma or equivalent,,Short-term on-the-job training,41460.0,47720.0,34550.0,37200.0,54930.0,75050.0,19.94,22.94,16.61,17.89,26.41,36.08,127440.0,Reservation and Transportation Ticket Agents and Travel Clerks
43-4199,"Information and record clerks, all other",153.3,153.0,-0.3,-0.2,17.8,,High school diploma or equivalent,,Short-term on-the-job training,48360.0,50200.0,34170.0,39610.0,58680.0,68850.0,23.25,24.14,16.43,19.05,28.21,33.1,143910.0,"Information and Record Clerks, All Other"
43-5011,Cargo and freight agents,100.6,109.2,8.6,8.5,8.8,1.2,High school diploma or equivalent,,Short-term on-the-job training,49900.0,55420.0,37240.0,43490.0,62230.0,76350.0,23.99,26.64,17.9,20.91,29.92,36.71,97800.0,Cargo and Freight Agents
43-5021,Couriers and messengers,247.2,267.6,20.4,8.2,27.9,70.2,High school diploma or equivalent,,Short-term on-the-job training,38340.0,40060.0,29880.0,35130.0,44630.0,50590.0,18.43,19.26,14.37,16.89,21.46,24.32,71920.0,Couriers and Messengers
43-5031,Public safety telecommunicators,105.2,108.9,3.6,3.5,10.7,,High school diploma or equivalent,,Moderate-term on-the-job training,50730.0,54800.0,35640.0,42140.0,62840.0,78110.0,24.39,26.35,17.13,20.26,30.21,37.55,101140.0,Public Safety Telecommunicators
43-5032,"Dispatchers, except police, fire, and ambulance",218.7,216.7,-2.1,-0.9,18.5,2.7,High school diploma or equivalent,,Moderate-term on-the-job training,48880.0,53150.0,34600.0,40240.0,61520.0,76130.0,23.5,25.55,16.64,19.35,29.58,36.6,211000.0,"Dispatchers, Except Police, Fire, and Ambulance"
43-5041,"Meter readers, utilities",20.1,17.7,-2.4,-12.0,1.3,,High school diploma or equivalent,,Short-term on-the-job training,49180.0,55810.0,33980.0,39620.0,68030.0,86480.0,23.64,26.83,16.34,19.05,32.71,41.58,19620.0,"Meter Readers, Utilities"
43-5051,Postal service clerks,74.2,71.6,-2.6,-3.5,6.1,,No formal educational credential,,Short-term on-the-job training,61630.0,61070.0,42600.0,55410.0,74050.0,74050.0,29.63,29.36,20.48,26.64,35.6,35.6,78060.0,Postal Service Clerks
43-5052,Postal service mail carriers,319.4,308.1,-11.3,-3.5,20.6,,No formal educational credential,,Short-term on-the-job training,57490.0,59880.0,42390.0,46030.0,75300.0,76880.0,27.64,28.79,20.38,22.13,36.2,36.96,336040.0,Postal Service Mail Carriers
43-5053,"Postal service mail sorters, processors, and processing machine operators",106.4,97.5,-8.9,-8.4,7.8,,No formal educational credential,,Short-term on-the-job training,56530.0,58310.0,42600.0,47380.0,72970.0,74050.0,27.18,28.04,20.48,22.78,35.08,35.6,111930.0,"Postal Service Mail Sorters, Processors, and Processing Machine Operators"
43-5061,"Production, planning, and expediting clerks",388.8,381.7,-7.1,-1.8,34.1,,High school diploma or equivalent,,Moderate-term on-the-job training,57770.0,60420.0,38570.0,46600.0,71480.0,84810.0,27.78,29.05,18.54,22.41,34.37,40.77,385000.0,"Production, Planning, and Expediting Clerks"
43-5071,"Shipping, receiving, and inventory clerks",862.2,795.8,-66.3,-7.7,69.3,0.6,High school diploma or equivalent,,Short-term on-the-job training,43190.0,44890.0,32900.0,37040.0,49390.0,60300.0,20.77,21.58,15.82,17.81,23.75,28.99,857630.0,"Shipping, Receiving, and Inventory Clerks"
43-5111,"Weighers, measurers, checkers, and samplers, recordkeeping",49.8,47.4,-2.4,-4.8,5.3,0.4,High school diploma or equivalent,,Short-term on-the-job training,45650.0,46660.0,34580.0,38650.0,53060.0,60120.0,21.95,22.43,16.63,18.58,25.51,28.9,49720.0,"Weighers, Measurers, Checkers, and Samplers, Recordkeeping"
43-6011,Executive secretaries and executive administrative assistants,502.8,494.9,-7.9,-1.6,50.0,0.2,High school diploma or equivalent,Less than 5 years,,74260.0,77060.0,48300.0,60000.0,90440.0,107710.0,35.7,37.05,23.22,28.85,43.48,51.78,472770.0,Executive Secretaries and Executive Administrative Assistants
43-6012,Legal secretaries and administrative assistants,156.3,147.3,-9.0,-5.8,19.6,0.5,High school diploma or equivalent,,Moderate-term on-the-job training,54140.0,60320.0,35530.0,42720.0,72090.0,87660.0,26.03,29.0,17.08,20.54,34.66,42.15,154540.0,Legal Secretaries and Administrative Assistants
43-6013,Medical secretaries and administrative assistants,850.0,885.3,35.3,4.2,85.9,0.0,High school diploma or equivalent,,Moderate-term on-the-job training,44640.0,45580.0,35050.0,37880.0,49720.0,60050.0,21.46,21.91,16.85,18.21,23.9,28.87,830760.0,Medical Secretaries and Administrative Assistants
43-6014,"Secretaries and administrative assistants, except legal, medical, and executive",1944.0,1913.2,-30.8,-1.6,202.8,1.9,High school diploma or equivalent,,Short-term on-the-job training,46290.0,47640.0,31600.0,37770.0,55650.0,64150.0,22.26,22.9,15.19,18.16,26.76,30.84,1737820.0,"Secretaries and Administrative Assistants, Except Legal, Medical, and Executive"
43-9021,Data entry keyers,141.6,104.9,-36.7,-25.9,9.5,2.2,High school diploma or equivalent,,Short-term on-the-job training,39850.0,42070.0,30100.0,34900.0,47260.0,56930.0,19.16,20.22,14.47,16.78,22.72,27.37,135280.0,Data Entry Keyers
43-9022,Word processors and typists,40.0,25.6,-14.4,-36.1,2.2,7.5,High school diploma or equivalent,,Short-term on-the-job training,47850.0,49730.0,35300.0,39740.0,56000.0,64370.0,23.01,23.91,16.97,19.11,26.93,30.95,36030.0,Word Processors and Typists
43-9031,Desktop publishers,5.0,4.4,-0.6,-12.4,0.4,16.8,Associate's degree,,Short-term on-the-job training,53620.0,60250.0,34650.0,42680.0,71990.0,92880.0,25.78,28.97,16.66,20.52,34.61,44.66,4000.0,Desktop Publishers
43-9041,Insurance claims and policy processing clerks,256.7,247.2,-9.5,-3.7,20.3,0.5,High school diploma or equivalent,,Moderate-term on-the-job training,48450.0,51980.0,36900.0,41600.0,59500.0,73100.0,23.29,24.99,17.74,20.0,28.61,35.15,229070.0,Insurance Claims and Policy Processing Clerks
43-9051,"Mail clerks and mail machine operators, except postal service",67.4,62.9,-4.4,-6.6,6.9,2.1,High school diploma or equivalent,,Short-term on-the-job training,38150.0,40200.0,29460.0,34440.0,44940.0,52150.0,18.34,19.33,14.16,16.56,21.61,25.07,62730.0,"Mail Clerks and Mail Machine Operators, Except Postal Service"
43-9061,"Office clerks, general",2646.0,2468.2,-177.8,-6.7,282.4,0.5,High school diploma or equivalent,,Short-term on-the-job training,43630.0,45470.0,29120.0,35350.0,52560.0,63840.0,20.97,21.86,14.0,17.0,25.27,30.69,2510550.0,"Office Clerks, General"
43-9071,"Office machine operators, except computer",25.5,21.6,-3.9,-15.2,2.8,,High school diploma or equivalent,,Short-term on-the-job training,39020.0,41620.0,29850.0,34420.0,46680.0,56340.0,18.76,20.01,14.35,16.55,22.44,27.09,24740.0,"Office Machine Operators, Except Computer"
43-9081,Proofreaders and copy markers,12.0,11.9,-0.1,-0.6,1.9,31.2,Bachelor's degree,,,49210.0,52730.0,33530.0,38590.0,62380.0,78040.0,23.66,25.35,16.12,18.55,29.99,37.52,5160.0,Proofreaders and Copy Markers
43-9111,Statistical assistants,6.5,6.3,-0.2,-2.5,0.8,,Bachelor's degree,,,51440.0,55470.0,38050.0,45970.0,63620.0,79410.0,24.73,26.67,18.29,22.1,30.59,38.18,5900.0,Statistical Assistants
43-9199,"Office and administrative support workers, all other",232.9,214.8,-18.1,-7.8,21.3,9.8,High school diploma or equivalent,,Short-term on-the-job training,46040.0,48700.0,30480.0,35390.0,57500.0,71840.0,22.14,23.42,14.65,17.02,27.65,34.54,195890.0,"Office and Administrative Support Workers, All Other"
45-1011,"First-line supervisors of farming, fishing, and forestry workers",65.4,67.0,1.6,2.5,8.5,11.4,High school diploma or equivalent,Less than 5 years,,59330.0,63360.0,39610.0,47660.0,76640.0,90840.0,28.53,30.46,19.04,22.91,36.84,43.68,29530.0,"First-Line Supervisors of Farming, Fishing, and Forestry Workers"
45-2011,Agricultural inspectors,14.7,14.9,0.2,1.5,2.2,,Bachelor's degree,,Moderate-term on-the-job training,50990.0,55650.0,37440.0,42740.0,64960.0,80240.0,24.51,26.75,18.0,20.55,31.23,38.58,12090.0,Agricultural Inspectors
45-2021,Animal breeders,7.9,8.1,0.2,2.4,1.2,3.4,High school diploma or equivalent,,Short-term on-the-job training,52000.0,56150.0,37130.0,43310.0,59630.0,89970.0,25.0,27.0,17.85,20.82,28.67,43.26,1730.0,Animal Breeders
45-2041,"Graders and sorters, agricultural products",38.9,36.8,-2.1,-5.4,5.1,,No formal educational credential,,Short-term on-the-job training,35430.0,36080.0,30490.0,33550.0,38010.0,43280.0,17.03,17.34,14.66,16.13,18.28,20.81,26870.0,"Graders and Sorters, Agricultural Products"
45-2091,Agricultural equipment operators,65.2,70.3,5.0,7.7,10.5,7.1,No formal educational credential,,Moderate-term on-the-job training,42580.0,43920.0,31240.0,36640.0,48690.0,57790.0,20.47,21.12,15.02,17.62,23.41,27.78,30940.0,Agricultural Equipment Operators
45-2092,"Farmworkers and laborers, crop, nursery, and greenhouse",504.8,488.1,-16.8,-3.3,71.7,7.9,No formal educational credential,,Short-term on-the-job training,35690.0,37850.0,32260.0,34280.0,38950.0,46370.0,17.16,18.2,15.51,16.48,18.73,22.29,261690.0,"Farmworkers and Laborers, Crop, Nursery, and Greenhouse"
45-2093,"Farmworkers, farm, ranch, and aquacultural animals",224.6,213.4,-11.1,-5.0,31.2,2.3,No formal educational credential,,Short-term on-the-job training,36150.0,38580.0,27110.0,31220.0,44280.0,51840.0,17.38,18.55,13.03,15.01,21.29,24.92,35420.0,"Farmworkers, Farm, Ranch, and Aquacultural Animals"
45-2099,"Agricultural workers, all other",10.1,10.3,0.2,2.3,1.5,5.8,No formal educational credential,,Short-term on-the-job training,40390.0,45780.0,27860.0,33870.0,52730.0,76730.0,19.42,22.01,13.4,16.29,25.35,36.89,4980.0,"Agricultural Workers, All Other"
45-3031,Fishing and hunting workers,21.9,20.9,-1.0,-4.6,2.8,57.1,No formal educational credential,,Moderate-term on-the-job training,,,,,,,,,,,,,,
45-4011,Forest and conservation workers,10.8,10.3,-0.5,-4.7,2.0,15.1,High school diploma or equivalent,,Moderate-term on-the-job training,43680.0,42830.0,33050.0,36400.0,45200.0,54190.0,21.0,20.59,15.89,17.5,21.73,26.05,5630.0,Forest and Conservation Workers
45-4021,Fallers,5.6,5.2,-0.4,-7.3,0.7,29.6,High school diploma or equivalent,,Moderate-term on-the-job training,53900.0,59120.0,35620.0,43670.0,65040.0,84510.0,25.92,28.42,17.13,20.99,31.27,40.63,4110.0,Fallers
45-4022,Logging equipment operators,30.9,30.5,-0.4,-1.4,4.2,29.1,High school diploma or equivalent,,Moderate-term on-the-job training,49210.0,52020.0,35050.0,43750.0,60640.0,72280.0,23.66,25.01,16.85,21.03,29.15,34.75,22520.0,Logging Equipment Operators
45-4023,Log graders and scalers,4.6,4.6,0.0,-0.7,0.6,28.3,High school diploma or equivalent,,Moderate-term on-the-job training,46710.0,48130.0,35050.0,38390.0,56200.0,63370.0,22.46,23.14,16.85,18.46,27.02,30.47,3310.0,Log Graders and Scalers
45-4029,"Logging workers, all other",3.1,3.0,-0.1,-4.7,0.4,27.6,High school diploma or equivalent,,Moderate-term on-the-job training,52000.0,53820.0,37260.0,42010.0,62000.0,72070.0,25.0,25.88,17.91,20.2,29.81,34.65,2160.0,"Logging Workers, All Other"
47-1011,First-line supervisors of construction trades and extraction workers,921.6,970.6,49.0,5.3,74.4,11.5,High school diploma or equivalent,5 years or more,,78690.0,84500.0,51290.0,62400.0,100200.0,126690.0,37.83,40.62,24.66,30.0,48.17,60.91,806080.0,First-Line Supervisors of Construction Trades and Extraction Workers
47-2011,Boilermakers,10.4,10.1,-0.2,-2.4,0.8,,High school diploma or equivalent,,Apprenticeship,73340.0,76900.0,48390.0,62230.0,93520.0,107600.0,35.26,36.97,23.26,29.92,44.96,51.73,10170.0,Boilermakers
47-2021,Brickmasons and blockmasons,74.1,76.4,2.4,3.2,5.6,27.1,High school diploma or equivalent,,Apprenticeship,60800.0,65390.0,41330.0,49430.0,77290.0,95560.0,29.23,31.44,19.87,23.76,37.16,45.94,53520.0,Brickmasons and Blockmasons
47-2022,Stonemasons,12.1,11.8,-0.4,-3.0,0.8,27.3,High school diploma or equivalent,,Apprenticeship,51990.0,57220.0,37420.0,44820.0,64120.0,83200.0,25.0,27.51,17.99,21.55,30.83,40.0,8750.0,Stonemasons
47-2031,Carpenters,959.0,1002.1,43.1,4.5,74.1,26.8,High school diploma or equivalent,,Apprenticeship,59310.0,64040.0,38760.0,47550.0,75620.0,98370.0,28.51,30.79,18.64,22.86,36.36,47.3,697740.0,Carpenters
47-2041,Carpet installers,20.3,18.3,-1.9,-9.6,1.1,25.6,No formal educational credential,,Short-term on-the-job training,49850.0,55860.0,32830.0,39140.0,65530.0,83200.0,23.97,26.85,15.78,18.82,31.51,40.0,14980.0,Carpet Installers
47-2042,"Floor layers, except carpet, wood, and hard tiles",33.7,36.9,3.2,9.5,2.7,25.7,No formal educational credential,,Moderate-term on-the-job training,54340.0,60550.0,37190.0,44760.0,72390.0,97180.0,26.13,29.11,17.88,21.52,34.8,46.72,24850.0,"Floor Layers, Except Carpet, Wood, and Hard Tiles"
47-2043,Floor sanders and finishers,5.6,5.8,0.1,2.6,0.4,25.7,No formal educational credential,,Moderate-term on-the-job training,49150.0,50880.0,35790.0,41320.0,58230.0,66510.0,23.63,24.46,17.21,19.87,27.99,31.98,4140.0,Floor Sanders and Finishers
47-2044,Tile and stone setters,52.6,58.0,5.3,10.1,4.2,25.7,No formal educational credential,,Long-term on-the-job training,52240.0,57590.0,36140.0,44540.0,64980.0,82960.0,25.11,27.69,17.38,21.41,31.24,39.89,38740.0,Tile and Stone Setters
47-2051,Cement masons and concrete finishers,206.7,210.4,3.8,1.8,14.3,1.0,No formal educational credential,,Moderate-term on-the-job training,54660.0,59360.0,38290.0,46020.0,65840.0,87620.0,26.28,28.54,18.41,22.13,31.66,42.13,205230.0,Cement Masons and Concrete Finishers
47-2053,Terrazzo workers and finishers,1.5,1.3,-0.2,-11.1,0.1,,High school diploma or equivalent,,Apprenticeship,57260.0,62330.0,39360.0,46940.0,73490.0,104510.0,27.53,29.97,18.92,22.57,35.33,50.24,1450.0,Terrazzo Workers and Finishers
47-2061,Construction laborers,1457.0,1563.4,106.5,7.3,129.4,26.9,No formal educational credential,,Short-term on-the-job training,46730.0,51260.0,34200.0,38100.0,58910.0,77530.0,22.47,24.64,16.44,18.32,28.32,37.28,1057660.0,Construction Laborers
47-2071,"Paving, surfacing, and tamping equipment operators",47.0,48.6,1.5,3.2,4.0,2.7,High school diploma or equivalent,,Moderate-term on-the-job training,51650.0,58660.0,38030.0,44740.0,66060.0,90110.0,24.83,28.2,18.29,21.51,31.76,43.32,45680.0,"Paving, Surfacing, and Tamping Equipment Operators"
47-2072,Pile driver operators,3.2,3.3,0.1,4.3,0.3,3.0,High school diploma or equivalent,,Moderate-term on-the-job training,70510.0,79000.0,46690.0,54750.0,103960.0,121990.0,33.9,37.98,22.45,26.32,49.98,58.65,3040.0,Pile Driver Operators
47-2073,Operating engineers and other construction equipment operators,489.3,507.1,17.8,3.6,41.9,2.5,High school diploma or equivalent,,Moderate-term on-the-job training,58710.0,65180.0,40080.0,47780.0,75750.0,100690.0,28.23,31.34,19.27,22.97,36.42,48.41,469270.0,Operating Engineers and Other Construction Equipment Operators
47-2081,Drywall and ceiling tile installers,103.1,107.4,4.3,4.2,7.7,19.5,No formal educational credential,,Moderate-term on-the-job training,58140.0,62810.0,37810.0,46880.0,72660.0,101380.0,27.95,30.2,18.18,22.54,34.93,48.74,82900.0,Drywall and Ceiling Tile Installers
47-2082,Tapers,15.6,15.6,0.0,0.1,1.1,19.5,No formal educational credential,,Moderate-term on-the-job training,64700.0,70390.0,43450.0,50780.0,82990.0,106160.0,31.11,33.84,20.89,24.42,39.9,51.04,12500.0,Tapers
47-2111,Electricians,818.7,896.1,77.4,9.5,81.0,7.8,High school diploma or equivalent,,Apprenticeship,62350.0,69630.0,39430.0,48820.0,81730.0,106030.0,29.98,33.47,18.96,23.47,39.29,50.98,742580.0,Electricians
47-2121,Glaziers,60.5,62.5,2.0,3.3,5.1,7.1,High school diploma or equivalent,,Apprenticeship,55440.0,60260.0,37710.0,45530.0,68300.0,98780.0,26.65,28.97,18.13,21.89,32.84,47.49,57000.0,Glaziers
47-2131,"Insulation workers, floor, ceiling, and wall",40.2,41.7,1.5,3.8,3.4,3.5,No formal educational credential,,Short-term on-the-job training,48680.0,53440.0,35950.0,40270.0,60420.0,77160.0,23.41,25.69,17.28,19.36,29.05,37.1,38610.0,"Insulation Workers, Floor, Ceiling, and Wall"
47-2132,"Insulation workers, mechanical",27.2,28.5,1.3,4.7,2.3,3.3,High school diploma or equivalent,,Apprenticeship,57250.0,63540.0,39450.0,47480.0,75300.0,94110.0,27.52,30.55,18.97,22.83,36.2,45.25,25640.0,"Insulation Workers, Mechanical"
47-2141,"Painters, construction and maintenance",342.2,355.2,13.0,3.8,28.1,33.8,No formal educational credential,,Moderate-term on-the-job training,48660.0,53710.0,36680.0,42510.0,60270.0,76550.0,23.4,25.82,17.63,20.44,28.97,36.8,224180.0,"Painters, Construction and Maintenance"
47-2142,Paperhangers,2.3,2.5,0.1,5.3,0.2,34.8,No formal educational credential,,Long-term on-the-job training,48260.0,51900.0,35020.0,40930.0,58470.0,69470.0,23.2,24.95,16.84,19.68,28.11,33.4,1520.0,Paperhangers
47-2151,Pipelayers,34.4,32.9,-1.4,-4.1,2.4,,No formal educational credential,,Short-term on-the-job training,48710.0,54270.0,36840.0,42320.0,60980.0,80710.0,23.42,26.09,17.71,20.35,29.32,38.81,33580.0,Pipelayers
47-2152,"Plumbers, pipefitters, and steamfitters",504.5,527.2,22.7,4.5,44.0,7.8,High school diploma or equivalent,,Apprenticeship,62970.0,69940.0,40670.0,48860.0,81900.0,105150.0,30.27,33.63,19.55,23.49,39.37,50.55,455940.0,"Plumbers, Pipefitters, and Steamfitters"
47-2161,Plasterers and stucco masons,24.2,25.2,1.0,4.1,1.9,13.4,No formal educational credential,,Long-term on-the-job training,56020.0,61000.0,38610.0,46990.0,72210.0,92930.0,26.93,29.33,18.56,22.59,34.72,44.68,20880.0,Plasterers and Stucco Masons
47-2171,Reinforcing iron and rebar workers,19.4,20.3,0.9,4.6,1.5,27.7,High school diploma or equivalent,,Apprenticeship,59280.0,62640.0,39470.0,47300.0,74190.0,95530.0,28.5,30.11,18.97,22.74,35.67,45.93,14140.0,Reinforcing Iron and Rebar Workers
47-2181,Roofers,166.7,176.5,9.8,5.9,12.7,18.3,No formal educational credential,,Moderate-term on-the-job training,50970.0,57090.0,37060.0,45300.0,64010.0,80780.0,24.51,27.45,17.82,21.78,30.78,38.84,136740.0,Roofers
47-2211,Sheet metal workers,127.0,130.1,3.1,2.4,10.6,6.5,High school diploma or equivalent,,Apprenticeship,60850.0,66110.0,38030.0,47290.0,79620.0,102680.0,29.26,31.78,18.28,22.74,38.28,49.37,117470.0,Sheet Metal Workers
47-2221,Structural iron and steel workers,65.7,68.6,2.9,4.4,5.5,1.9,High school diploma or equivalent,,Apprenticeship,62700.0,69270.0,42000.0,49090.0,82780.0,107520.0,30.14,33.3,20.19,23.6,39.8,51.69,64720.0,Structural Iron and Steel Workers
47-2231,Solar photovoltaic installers,28.6,40.6,12.0,42.1,4.1,,High school diploma or equivalent,,Moderate-term on-the-job training,51860.0,57380.0,39070.0,46040.0,63020.0,80150.0,24.93,27.59,18.79,22.13,30.3,38.53,28280.0,Solar Photovoltaic Installers
47-3011,"Helpers--brickmasons, blockmasons, stonemasons, and tile and marble setters",16.1,14.4,-1.7,-10.5,1.4,1.8,No formal educational credential,,Short-term on-the-job training,46480.0,49730.0,35570.0,38600.0,58080.0,68330.0,22.35,23.91,17.1,18.56,27.93,32.85,15660.0,"Helpers--Brickmasons, Blockmasons, Stonemasons, and Tile and Marble Setters"
47-3012,Helpers--carpenters,25.2,26.4,1.1,4.5,2.7,1.8,No formal educational credential,,Short-term on-the-job training,41600.0,42080.0,31540.0,35870.0,46780.0,52380.0,20.0,20.23,15.16,17.24,22.49,25.18,24610.0,Helpers--Carpenters
47-3013,Helpers--electricians,66.6,66.7,0.1,0.2,6.8,1.8,High school diploma or equivalent,,Short-term on-the-job training,39890.0,42900.0,31200.0,36400.0,47520.0,56770.0,19.18,20.62,15.0,17.5,22.85,27.29,64440.0,Helpers--Electricians
47-3014,"Helpers--painters, paperhangers, plasterers, and stucco masons",7.4,7.6,0.2,2.3,0.8,1.8,No formal educational credential,,Short-term on-the-job training,38140.0,40880.0,31360.0,35230.0,45290.0,51720.0,18.34,19.65,15.08,16.94,21.78,24.87,7220.0,"Helpers--Painters, Paperhangers, Plasterers, and Stucco Masons"
47-3015,"Helpers--pipelayers, plumbers, pipefitters, and steamfitters",45.3,47.5,2.2,4.9,4.9,1.8,High school diploma or equivalent,,Short-term on-the-job training,39270.0,41720.0,31050.0,35750.0,46550.0,54860.0,18.88,20.06,14.93,17.19,22.38,26.37,43640.0,"Helpers--Pipelayers, Plumbers, Pipefitters, and Steamfitters"
47-3016,Helpers--roofers,5.2,5.5,0.3,5.7,0.6,1.9,No formal educational credential,,Short-term on-the-job training,40590.0,42070.0,27780.0,34800.0,47570.0,55310.0,19.51,20.23,13.36,16.73,22.87,26.59,5170.0,Helpers--Roofers
47-3019,"Helpers, construction trades, all other",26.3,27.4,1.2,4.4,2.8,1.7,No formal educational credential,,Short-term on-the-job training,40760.0,44040.0,31200.0,36400.0,48500.0,59280.0,19.6,21.17,15.0,17.5,23.32,28.5,25510.0,"Helpers, Construction Trades, All Other"
47-4011,Construction and building inspectors,147.6,146.5,-1.2,-0.8,14.8,4.8,High school diploma or equivalent,5 years or more,Moderate-term on-the-job training,72120.0,76430.0,46560.0,57300.0,92330.0,112320.0,34.67,36.75,22.38,27.55,44.39,54.0,137210.0,Construction and Building Inspectors
47-4021,Elevator and escalator installers and repairers,24.2,25.4,1.2,5.0,2.0,,High school diploma or equivalent,,Apprenticeship,106580.0,104860.0,54720.0,76700.0,131740.0,149250.0,51.24,50.42,26.31,36.88,63.34,71.76,23340.0,Elevator and Escalator Installers and Repairers
47-4031,Fence erectors,26.4,27.6,1.2,4.6,2.3,11.4,No formal educational credential,,Moderate-term on-the-job training,46940.0,50550.0,35090.0,39040.0,57070.0,74660.0,22.57,24.31,16.87,18.77,27.44,35.89,22640.0,Fence Erectors
47-4041,Hazardous materials removal workers,51.3,51.8,0.5,1.0,5.0,0.1,High school diploma or equivalent,,Moderate-term on-the-job training,48490.0,55740.0,37330.0,42710.0,62150.0,82480.0,23.31,26.8,17.95,20.53,29.88,39.65,50570.0,Hazardous Materials Removal Workers
47-4051,Highway maintenance workers,159.1,163.9,4.8,3.0,12.3,,High school diploma or equivalent,,Moderate-term on-the-job training,49070.0,51410.0,35030.0,41540.0,59600.0,69210.0,23.59,24.72,16.84,19.97,28.66,33.27,151750.0,Highway Maintenance Workers
47-4061,Rail-track laying and maintenance equipment operators,15.0,15.3,0.2,1.6,1.1,,High school diploma or equivalent,,Moderate-term on-the-job training,67370.0,68270.0,45720.0,51630.0,79330.0,84840.0,32.39,32.82,21.98,24.82,38.14,40.79,16480.0,Rail-Track Laying and Maintenance Equipment Operators
47-4071,Septic tank servicers and sewer pipe cleaners,30.4,32.7,2.3,7.6,2.9,2.8,High school diploma or equivalent,,Moderate-term on-the-job training,49140.0,52730.0,36500.0,42700.0,60320.0,73670.0,23.62,25.35,17.55,20.53,29.0,35.42,29050.0,Septic Tank Servicers and Sewer Pipe Cleaners
47-4090,Miscellaneous construction and related workers,35.0,36.2,1.2,3.5,3.1,3.2,High school diploma or equivalent,,Moderate-term on-the-job training,48120.0,52910.0,35160.0,39990.0,60960.0,77540.0,23.14,25.44,16.9,19.23,29.31,37.28,33530.0,Miscellaneous Construction and Related Workers
47-5011,"Derrick operators, oil and gas",11.3,11.3,0.1,0.5,1.0,1.4,No formal educational credential,Less than 5 years,Short-term on-the-job training,62740.0,62490.0,42930.0,49440.0,72820.0,84620.0,30.16,30.05,20.64,23.77,35.01,40.68,11040.0,"Derrick Operators, Oil and Gas"
47-5012,"Rotary drill operators, oil and gas",13.3,13.4,0.0,0.2,1.2,1.4,No formal educational credential,Less than 5 years,Moderate-term on-the-job training,65010.0,70080.0,42750.0,52600.0,81550.0,98510.0,31.26,33.69,20.56,25.29,39.21,47.36,13090.0,"Rotary Drill Operators, Oil and Gas"
47-5013,"Service unit operators, oil and gas",45.2,45.4,0.2,0.4,4.1,1.4,No formal educational credential,Less than 5 years,Moderate-term on-the-job training,57980.0,61530.0,40010.0,47330.0,70510.0,93820.0,27.88,29.58,19.24,22.75,33.9,45.11,44120.0,"Service Unit Operators, Oil and Gas"
47-5022,"Excavating and loading machine and dragline operators, surface mining",35.8,35.6,-0.1,-0.4,3.1,3.2,High school diploma or equivalent,Less than 5 years,Moderate-term on-the-job training,52550.0,57860.0,39650.0,46290.0,63630.0,80970.0,25.26,27.82,19.06,22.26,30.59,38.93,34210.0,"Excavating and Loading Machine and Dragline Operators, Surface Mining"
47-5023,"Earth drillers, except oil and gas",18.3,18.8,0.5,2.9,1.7,3.3,High school diploma or equivalent,Less than 5 years,Long-term on-the-job training,59600.0,63260.0,44450.0,49720.0,73530.0,87760.0,28.65,30.41,21.37,23.91,35.35,42.19,17410.0,"Earth Drillers, Except Oil and Gas"
47-5032,"Explosives workers, ordnance handling experts, and blasters",5.8,5.8,-0.1,-0.9,0.5,,High school diploma or equivalent,Less than 5 years,Long-term on-the-job training,59110.0,66840.0,45160.0,49860.0,80050.0,104210.0,28.42,32.13,21.71,23.97,38.49,50.1,5680.0,"Explosives Workers, Ordnance Handling Experts, and Blasters"
47-5041,Continuous mining machine operators,14.9,15.0,0.1,0.6,1.6,2.8,No formal educational credential,,Moderate-term on-the-job training,63380.0,63920.0,41450.0,50850.0,76850.0,84420.0,30.47,30.73,19.93,24.45,36.95,40.59,14340.0,Continuous Mining Machine Operators
47-5043,"Roof bolters, mining",2.3,1.5,-0.8,-34.2,0.1,2.8,High school diploma or equivalent,,Moderate-term on-the-job training,76640.0,74760.0,50880.0,67110.0,80230.0,87420.0,36.85,35.94,24.46,32.26,38.57,42.03,2230.0,"Roof Bolters, Mining"
47-5044,"Loading and moving machine operators, underground mining",6.4,5.0,-1.4,-22.3,0.5,2.8,No formal educational credential,,Short-term on-the-job training,68860.0,68470.0,48310.0,59130.0,76820.0,82900.0,33.11,32.92,23.23,28.43,36.93,39.86,6130.0,"Loading and Moving Machine Operators, Underground Mining"
47-5049,"Underground mining machine operators, all other",3.6,3.4,-0.2,-6.1,0.4,2.8,No formal educational credential,,Moderate-term on-the-job training,67220.0,67830.0,46930.0,50660.0,80440.0,82750.0,32.32,32.61,22.56,24.36,38.67,39.78,3480.0,"Underground Mining Machine Operators, All Other"
47-5051,"Rock splitters, quarry",3.2,3.4,0.1,4.4,0.4,3.3,No formal educational credential,,Short-term on-the-job training,47460.0,50540.0,37240.0,39990.0,58290.0,68380.0,22.82,24.3,17.9,19.23,28.02,32.87,3080.0,"Rock Splitters, Quarry"
47-5071,"Roustabouts, oil and gas",46.0,47.1,1.1,2.5,4.3,1.4,No formal educational credential,,Moderate-term on-the-job training,47510.0,49060.0,35650.0,38330.0,57170.0,64010.0,22.84,23.59,17.14,18.43,27.49,30.77,45330.0,"Roustabouts, Oil and Gas"
47-5081,Helpers--extraction workers,7.0,6.9,-0.1,-1.7,0.7,3.3,High school diploma or equivalent,,Moderate-term on-the-job training,48400.0,50330.0,35770.0,39980.0,57560.0,68240.0,23.27,24.2,17.2,19.22,27.67,32.81,6720.0,Helpers--Extraction Workers
47-5099,"Extraction workers, all other",6.3,6.4,0.1,1.4,0.7,3.3,High school diploma or equivalent,,Moderate-term on-the-job training,50110.0,54780.0,35720.0,39120.0,65350.0,80780.0,24.09,26.34,17.17,18.81,31.42,38.84,6070.0,"Extraction Workers, All Other"
49-1011,"First-line supervisors of mechanics, installers, and repairers",617.5,636.5,19.1,3.1,52.4,0.3,High school diploma or equivalent,Less than 5 years,,78300.0,82930.0,48460.0,61240.0,99630.0,124280.0,37.64,39.87,23.3,29.44,47.9,59.75,600680.0,"First-Line Supervisors of Mechanics, Installers, and Repairers"
49-2011,"Computer, automated teller, and office machine repairers",79.1,78.4,-0.7,-0.9,7.6,6.2,"Some college, no degree",,Short-term on-the-job training,46860.0,49820.0,35120.0,38290.0,59420.0,69560.0,22.53,23.95,16.89,18.41,28.57,33.44,73010.0,"Computer, Automated Teller, and Office Machine Repairers"
49-2021,"Radio, cellular, and tower equipment installers and repairers",11.7,12.7,1.0,8.6,1.2,1.7,Associate's degree,,Moderate-term on-the-job training,64190.0,69180.0,42360.0,50610.0,84770.0,102550.0,30.86,33.26,20.37,24.33,40.76,49.3,11400.0,"Radio, Cellular, and Tower Equipment Installers and Repairers"
49-2022,"Telecommunications equipment installers and repairers, except line installers",156.9,150.4,-6.6,-4.2,13.2,1.9,Postsecondary nondegree award,,Moderate-term on-the-job training,62630.0,66650.0,42440.0,50580.0,80040.0,94970.0,30.11,32.04,20.41,24.32,38.48,45.66,153890.0,"Telecommunications Equipment Installers and Repairers, Except Line Installers"
49-2091,Avionics technicians,21.4,23.1,1.7,8.2,1.8,,Postsecondary nondegree award,,,81390.0,82350.0,49770.0,65170.0,98990.0,113580.0,39.13,39.59,23.93,31.33,47.59,54.61,20900.0,Avionics Technicians
49-2092,"Electric motor, power tool, and related repairers",17.1,17.7,0.6,3.4,1.7,1.8,High school diploma or equivalent,Less than 5 years,Moderate-term on-the-job training,53990.0,56820.0,36310.0,44480.0,66180.0,79230.0,25.96,27.32,17.46,21.38,31.82,38.09,16570.0,"Electric Motor, Power Tool, and Related Repairers"
49-2093,"Electrical and electronics installers and repairers, transportation equipment",7.0,7.4,0.4,6.1,0.6,,Postsecondary nondegree award,,Long-term on-the-job training,82730.0,80980.0,49490.0,65750.0,95730.0,106110.0,39.77,38.93,23.79,31.61,46.03,51.01,7310.0,"Electrical and Electronics Installers and Repairers, Transportation Equipment"
49-2094,"Electrical and electronics repairers, commercial and industrial equipment",61.1,60.7,-0.5,-0.8,4.7,,Postsecondary nondegree award,,Long-term on-the-job training,71300.0,72950.0,44980.0,56750.0,85160.0,103060.0,34.28,35.07,21.63,27.28,40.94,49.55,59990.0,"Electrical and Electronics Repairers, Commercial and Industrial Equipment"
49-2095,"Electrical and electronics repairers, powerhouse, substation, and relay",23.4,24.7,1.3,5.5,2.0,,Postsecondary nondegree award,Less than 5 years,Moderate-term on-the-job training,100940.0,97460.0,60820.0,79930.0,114740.0,127970.0,48.53,46.86,29.24,38.43,55.16,61.53,23040.0,"Electrical and Electronics Repairers, Powerhouse, Substation, and Relay"
49-2096,"Electronic equipment installers and repairers, motor vehicles",10.3,8.9,-1.4,-13.6,0.6,,High school diploma or equivalent,,Moderate-term on-the-job training,47940.0,50240.0,31680.0,39970.0,58900.0,70480.0,23.05,24.16,15.23,19.21,28.32,33.89,10140.0,"Electronic Equipment Installers and Repairers, Motor Vehicles"
49-2097,Audiovisual equipment installers and repairers,24.6,26.3,1.6,6.6,2.6,8.4,Postsecondary nondegree award,,Short-term on-the-job training,50620.0,55740.0,36310.0,43330.0,63250.0,82150.0,24.34,26.8,17.46,20.83,30.41,39.5,22170.0,Audiovisual Equipment Installers and Repairers
49-2098,Security and fire alarm systems installers,85.9,94.9,8.9,10.4,9.4,5.5,High school diploma or equivalent,,Moderate-term on-the-job training,59300.0,60040.0,38410.0,47330.0,71340.0,81980.0,28.51,28.87,18.47,22.76,34.3,39.41,81510.0,Security and Fire Alarm Systems Installers
49-3011,Aircraft mechanics and service technicians,139.4,145.0,5.6,4.0,11.3,,Postsecondary nondegree award,,,78680.0,80780.0,47790.0,61920.0,95050.0,120080.0,37.83,38.84,22.97,29.77,45.7,57.73,136390.0,Aircraft Mechanics and Service Technicians
49-3021,Automotive body and related repairers,172.6,175.4,2.8,1.6,14.6,9.9,High school diploma or equivalent,,Long-term on-the-job training,51680.0,58830.0,36390.0,45000.0,64780.0,87040.0,24.85,28.28,17.5,21.63,31.15,41.84,155220.0,Automotive Body and Related Repairers
49-3022,Automotive glass installers and repairers,20.4,21.1,0.7,3.6,1.4,7.2,High school diploma or equivalent,,Moderate-term on-the-job training,47260.0,49580.0,35080.0,39990.0,58160.0,67480.0,22.72,23.84,16.86,19.23,27.96,32.44,18940.0,Automotive Glass Installers and Repairers
49-3023,Automotive service technicians and mechanics,805.6,839.2,33.6,4.2,70.0,13.8,Postsecondary nondegree award,,Short-term on-the-job training,49670.0,55260.0,33660.0,38140.0,65660.0,80850.0,23.88,26.57,16.18,18.34,31.57,38.87,688840.0,Automotive Service Technicians and Mechanics
49-3031,Bus and truck mechanics and diesel engine specialists,319.9,327.7,7.8,2.4,26.5,6.8,High school diploma or equivalent,,Long-term on-the-job training,60640.0,62480.0,41670.0,49240.0,73690.0,85980.0,29.15,30.04,20.04,23.68,35.43,41.34,287230.0,Bus and Truck Mechanics and Diesel Engine Specialists
49-3041,Farm equipment mechanics and service technicians,39.0,43.3,4.3,11.0,3.7,3.4,High school diploma or equivalent,,Long-term on-the-job training,52080.0,55290.0,36920.0,45660.0,63070.0,76860.0,25.04,26.58,17.75,21.95,30.32,36.95,36880.0,Farm Equipment Mechanics and Service Technicians
49-3042,"Mobile heavy equipment mechanics, except engines",188.7,199.6,10.9,5.8,16.5,3.2,High school diploma or equivalent,,Long-term on-the-job training,63980.0,67580.0,45450.0,53500.0,78090.0,92360.0,30.76,32.49,21.85,25.72,37.54,44.41,180270.0,"Mobile Heavy Equipment Mechanics, Except Engines"
49-3043,Rail car repairers,17.9,18.4,0.5,2.8,1.5,3.3,High school diploma or equivalent,,Long-term on-the-job training,65680.0,67610.0,45670.0,51640.0,80150.0,92000.0,31.58,32.5,21.96,24.83,38.54,44.23,18300.0,Rail Car Repairers
49-3051,Motorboat mechanics and service technicians,26.2,27.8,1.6,6.0,2.6,7.9,High school diploma or equivalent,,Long-term on-the-job training,54950.0,56450.0,35950.0,45070.0,65120.0,78820.0,26.42,27.14,17.29,21.67,31.31,37.89,24250.0,Motorboat Mechanics and Service Technicians
49-3052,Motorcycle mechanics,14.9,15.7,0.8,5.3,1.5,8.0,Postsecondary nondegree award,,Short-term on-the-job training,47200.0,49650.0,31770.0,38270.0,58880.0,70210.0,22.69,23.87,15.27,18.4,28.31,33.76,14010.0,Motorcycle Mechanics
49-3053,Outdoor power equipment and other small engine mechanics,36.9,37.8,0.9,2.5,3.5,7.6,High school diploma or equivalent,,Moderate-term on-the-job training,46560.0,48200.0,33600.0,38260.0,56080.0,64540.0,22.38,23.18,16.15,18.4,26.96,31.03,34240.0,Outdoor Power Equipment and Other Small Engine Mechanics
49-3091,Bicycle repairers,13.2,12.9,-0.3,-2.3,1.6,5.0,High school diploma or equivalent,,Moderate-term on-the-job training,40360.0,41550.0,30640.0,35880.0,47560.0,52130.0,19.4,19.98,14.73,17.25,22.87,25.06,12590.0,Bicycle Repairers
49-3092,Recreational vehicle service technicians,19.5,21.7,2.2,11.5,2.8,5.1,High school diploma or equivalent,,Long-term on-the-job training,50540.0,55380.0,35480.0,43370.0,63300.0,76650.0,24.3,26.63,17.06,20.85,30.43,36.85,18710.0,Recreational Vehicle Service Technicians
49-3093,Tire repairers and changers,113.4,119.9,6.5,5.7,15.3,5.0,High school diploma or equivalent,,Short-term on-the-job training,37120.0,39140.0,29880.0,33990.0,43810.0,48900.0,17.85,18.82,14.37,16.34,21.06,23.51,106620.0,Tire Repairers and Changers
49-9011,Mechanical door repairers,28.4,31.7,3.2,11.4,2.7,,High school diploma or equivalent,,Moderate-term on-the-job training,51050.0,54110.0,37160.0,44720.0,61350.0,73160.0,24.54,26.01,17.87,21.5,29.5,35.17,27970.0,Mechanical Door Repairers
49-9012,"Control and valve installers and repairers, except mechanical door",47.7,48.3,0.6,1.3,3.9,,High school diploma or equivalent,,Moderate-term on-the-job training,74690.0,75970.0,43840.0,53060.0,97400.0,109050.0,35.91,36.52,21.08,25.51,46.83,52.43,46920.0,"Control and Valve Installers and Repairers, Except Mechanical Door"
49-9021,"Heating, air conditioning, and refrigeration mechanics and installers",425.2,459.7,34.5,8.1,40.1,4.8,Postsecondary nondegree award,,Long-term on-the-job training,59810.0,62690.0,39130.0,47850.0,74820.0,91020.0,28.75,30.14,18.81,23.0,35.97,43.76,396870.0,"Heating, Air Conditioning, and Refrigeration Mechanics and Installers"
49-9031,Home appliance repairers,37.3,38.3,1.0,2.6,3.1,14.7,High school diploma or equivalent,,Moderate-term on-the-job training,49410.0,53580.0,33280.0,40280.0,61750.0,77800.0,23.76,25.76,16.0,19.37,29.69,37.4,31940.0,Home Appliance Repairers
49-9041,Industrial machinery mechanics,439.6,510.3,70.7,16.1,45.7,1.7,High school diploma or equivalent,,Long-term on-the-job training,63760.0,67160.0,45090.0,52710.0,78070.0,92730.0,30.65,32.29,21.68,25.34,37.53,44.58,421940.0,Industrial Machinery Mechanics
49-9043,"Maintenance workers, machinery",57.5,55.9,-1.6,-2.8,4.8,,High school diploma or equivalent,,Long-term on-the-job training,60500.0,61820.0,40080.0,48600.0,72260.0,83560.0,29.09,29.72,19.27,23.36,34.74,40.17,56540.0,"Maintenance Workers, Machinery"
49-9044,Millwrights,41.3,41.3,0.0,0.0,3.6,,High school diploma or equivalent,,Apprenticeship,65170.0,68640.0,45100.0,55420.0,80580.0,93740.0,31.33,33.0,21.68,26.65,38.74,45.07,40660.0,Millwrights
49-9045,"Refractory materials repairers, except brickmasons",1.1,0.9,-0.2,-16.9,0.1,,High school diploma or equivalent,,Moderate-term on-the-job training,58540.0,61480.0,37050.0,48380.0,73940.0,81440.0,28.15,29.56,17.81,23.26,35.55,39.16,1100.0,"Refractory Materials Repairers, Except Brickmasons"
49-9051,Electrical power-line installers and repairers,127.4,135.8,8.4,6.6,10.7,1.4,High school diploma or equivalent,,Long-term on-the-job training,92560.0,90110.0,50020.0,65740.0,107940.0,126610.0,44.5,43.32,24.05,31.61,51.89,60.87,123680.0,Electrical Power-Line Installers and Repairers
49-9052,Telecommunications line installers and repairers,99.9,96.8,-3.1,-3.1,8.9,1.3,High school diploma or equivalent,,Long-term on-the-job training,70500.0,72440.0,42940.0,50620.0,95520.0,104840.0,33.9,34.83,20.65,24.34,45.92,50.41,98360.0,Telecommunications Line Installers and Repairers
49-9061,Camera and photographic equipment repairers,2.3,1.9,-0.3,-15.1,0.2,8.7,High school diploma or equivalent,,Long-term on-the-job training,49300.0,53420.0,36020.0,42590.0,62400.0,76550.0,23.7,25.69,17.32,20.48,30.0,36.8,2010.0,Camera and Photographic Equipment Repairers
49-9062,Medical equipment repairers,68.0,76.8,8.8,12.9,7.3,9.4,Associate's degree,,Moderate-term on-the-job training,62630.0,66810.0,39060.0,48100.0,79440.0,99290.0,30.11,32.12,18.78,23.12,38.19,47.74,60830.0,Medical Equipment Repairers
49-9063,Musical instrument repairers and tuners,6.2,6.3,0.1,1.4,0.6,9.8,High school diploma or equivalent,,Apprenticeship,45320.0,49020.0,30130.0,35820.0,56960.0,73430.0,21.79,23.57,14.49,17.22,27.38,35.3,5730.0,Musical Instrument Repairers and Tuners
49-9064,Watch and clock repairers,1.4,1.4,0.0,-1.1,0.1,9.8,High school diploma or equivalent,,Long-term on-the-job training,60690.0,62450.0,39920.0,46530.0,77340.0,92570.0,29.18,30.03,19.19,22.37,37.18,44.5,1300.0,Watch and Clock Repairers
49-9069,"Precision instrument and equipment repairers, all other",10.8,11.0,0.2,2.0,1.0,7.7,High school diploma or equivalent,,Long-term on-the-job training,67080.0,70420.0,44530.0,52090.0,82030.0,100730.0,32.25,33.86,21.41,25.04,39.44,48.43,9680.0,"Precision Instrument and Equipment Repairers, All Other"
49-9071,"Maintenance and repair workers, general",1629.7,1692.1,62.4,3.8,159.8,1.1,High school diploma or equivalent,,Moderate-term on-the-job training,48620.0,52430.0,33860.0,39050.0,61710.0,76110.0,23.38,25.21,16.28,18.77,29.67,36.59,1531700.0,"Maintenance and Repair Workers, General"
49-9081,Wind turbine service technicians,13.6,20.5,6.8,49.9,2.3,16.7,Postsecondary nondegree award,,Long-term on-the-job training,62580.0,67580.0,49110.0,58910.0,75640.0,88090.0,30.09,32.49,23.61,28.32,36.37,42.35,11220.0,Wind Turbine Service Technicians
49-9091,"Coin, vending, and amusement machine servicers and repairers",32.5,31.6,-0.9,-2.9,3.5,11.5,High school diploma or equivalent,,Short-term on-the-job training,47350.0,48530.0,31420.0,38580.0,56290.0,64720.0,22.77,23.33,15.11,18.55,27.06,31.11,28260.0,"Coin, Vending, and Amusement Machine Servicers and Repairers"
49-9092,Commercial divers,4.2,4.5,0.4,8.5,0.4,16.6,Postsecondary nondegree award,,Moderate-term on-the-job training,61130.0,78110.0,39130.0,49370.0,93840.0,152580.0,29.39,37.55,18.81,23.74,45.11,73.36,3430.0,Commercial Divers
49-9094,Locksmiths and safe repairers,18.8,17.2,-1.6,-8.3,1.7,16.2,High school diploma or equivalent,,Long-term on-the-job training,50490.0,55200.0,34750.0,40650.0,64330.0,79340.0,24.27,26.54,16.71,19.54,30.93,38.14,15550.0,Locksmiths and Safe Repairers
49-9095,Manufactured building and mobile home installers,3.1,3.3,0.2,5.9,0.3,17.0,High school diploma or equivalent,,Short-term on-the-job training,41080.0,42620.0,30280.0,35290.0,48410.0,57190.0,19.75,20.49,14.56,16.96,23.28,27.5,2610.0,Manufactured Building and Mobile Home Installers
49-9096,Riggers,24.6,25.4,0.8,3.2,2.5,,High school diploma or equivalent,,Moderate-term on-the-job training,62060.0,66600.0,38930.0,47940.0,79340.0,100480.0,29.84,32.02,18.71,23.05,38.14,48.31,24190.0,Riggers
49-9097,Signal and track switch repairers,8.7,8.8,0.1,1.7,0.8,15.3,High school diploma or equivalent,,Moderate-term on-the-job training,83600.0,84940.0,57410.0,75680.0,95620.0,104860.0,40.19,40.84,27.6,36.38,45.97,50.41,8210.0,Signal and Track Switch Repairers
49-9098,"Helpers--installation, maintenance, and repair workers",98.7,101.0,2.2,2.3,11.8,,High school diploma or equivalent,,Short-term on-the-job training,38860.0,40750.0,28770.0,33760.0,46600.0,54650.0,18.68,19.59,13.83,16.23,22.4,26.27,97540.0,"Helpers--Installation, Maintenance, and Repair Workers"
49-9099,"Installation, maintenance, and repair workers, all other",221.2,226.5,5.4,2.4,21.5,15.4,High school diploma or equivalent,,Moderate-term on-the-job training,48640.0,53270.0,35270.0,40700.0,61090.0,77150.0,23.39,25.61,16.96,19.57,29.37,37.09,183690.0,"Installation, Maintenance, and Repair Workers, All Other"
51-1011,First-line supervisors of production and operating workers,698.6,706.9,8.3,1.2,67.7,1.2,High school diploma or equivalent,Less than 5 years,,71190.0,74540.0,45790.0,56330.0,86770.0,106960.0,34.23,35.84,22.01,27.08,41.72,51.42,685140.0,First-Line Supervisors of Production and Operating Workers
51-2011,"Aircraft structure, surfaces, rigging, and systems assemblers",33.6,28.7,-4.9,-14.5,2.8,0.7,High school diploma or equivalent,,Moderate-term on-the-job training,61680.0,66510.0,46040.0,53180.0,75240.0,94950.0,29.65,31.98,22.13,25.57,36.17,45.65,32890.0,"Aircraft Structure, Surfaces, Rigging, and Systems Assemblers"
51-2021,"Coil winders, tapers, and finishers",12.2,11.5,-0.8,-6.3,1.2,,High school diploma or equivalent,,Moderate-term on-the-job training,47260.0,48940.0,35180.0,39380.0,57800.0,62790.0,22.72,23.53,16.91,18.93,27.79,30.19,12170.0,"Coil Winders, Tapers, and Finishers"
51-2028,"Electrical, electronic, and electromechanical assemblers, except coil winders, tapers, and finishers",261.4,273.3,11.9,4.6,29.6,,High school diploma or equivalent,,Moderate-term on-the-job training,44040.0,45930.0,34110.0,37450.0,49830.0,61080.0,21.17,22.08,16.4,18.0,23.96,29.36,261140.0,"Electrical, Electronic, and Electromechanical Assemblers, Except Coil Winders, Tapers, and Finishers"
51-2031,Engine and other machine assemblers,38.4,30.3,-8.1,-21.1,2.8,,High school diploma or equivalent,,Moderate-term on-the-job training,52540.0,56040.0,37950.0,42790.0,70050.0,74300.0,25.26,26.94,18.25,20.57,33.68,35.72,38420.0,Engine and Other Machine Assemblers
51-2041,Structural metal fabricators and fitters,53.8,45.0,-8.8,-16.3,4.1,0.8,High school diploma or equivalent,,Moderate-term on-the-job training,49900.0,52740.0,37370.0,44290.0,59810.0,70510.0,23.99,25.36,17.96,21.29,28.75,33.9,53380.0,Structural Metal Fabricators and Fitters
51-2051,Fiberglass laminators and fabricators,18.6,19.4,0.8,4.2,2.1,0.7,High school diploma or equivalent,,Moderate-term on-the-job training,45760.0,47320.0,35950.0,39230.0,51530.0,61370.0,22.0,22.75,17.28,18.86,24.77,29.5,18520.0,Fiberglass Laminators and Fabricators
51-2061,Timing device assemblers and adjusters,0.2,0.2,0.0,-17.5,0.0,,High school diploma or equivalent,,Moderate-term on-the-job training,40790.0,42410.0,26240.0,27850.0,58440.0,65580.0,19.61,20.39,12.62,13.39,28.1,31.53,230.0,Timing Device Assemblers and Adjusters
51-2090,Miscellaneous assemblers and fabricators,1467.1,1465.9,-1.3,-0.1,156.3,0.7,High school diploma or equivalent,,Moderate-term on-the-job training,42210.0,44860.0,31650.0,36660.0,49410.0,62030.0,20.29,21.57,15.22,17.62,23.76,29.82,1457800.0,Miscellaneous Assemblers and Fabricators
51-3011,Bakers,249.1,263.2,14.0,5.6,39.9,6.2,No formal educational credential,,Moderate-term on-the-job training,36650.0,37670.0,27560.0,31470.0,42570.0,48260.0,17.62,18.11,13.25,15.13,20.46,23.2,231890.0,Bakers
51-3021,Butchers and meat cutters,143.1,144.5,1.4,1.0,16.9,1.8,No formal educational credential,,Long-term on-the-job training,38960.0,41300.0,28850.0,34460.0,47200.0,57130.0,18.73,19.86,13.87,16.57,22.69,27.47,140040.0,Butchers and Meat Cutters
51-3022,"Meat, poultry, and fish cutters and trimmers",146.8,154.9,8.1,5.5,18.4,1.8,No formal educational credential,,Short-term on-the-job training,37700.0,38640.0,29200.0,34050.0,43450.0,48680.0,18.13,18.58,14.04,16.37,20.89,23.41,141090.0,"Meat, Poultry, and Fish Cutters and Trimmers"
51-3023,Slaughterers and meat packers,69.6,71.2,1.5,2.2,8.4,1.8,No formal educational credential,,Short-term on-the-job training,39790.0,40710.0,31470.0,35940.0,45930.0,49460.0,19.13,19.57,15.13,17.28,22.08,23.78,67500.0,Slaughterers and Meat Packers
51-3091,"Food and tobacco roasting, baking, and drying machine operators and tenders",20.7,20.8,0.1,0.6,2.4,8.8,No formal educational credential,,Moderate-term on-the-job training,42730.0,44140.0,32390.0,36610.0,48680.0,60070.0,20.54,21.22,15.57,17.6,23.4,28.88,19500.0,"Food and Tobacco Roasting, Baking, and Drying Machine Operators and Tenders"
51-3092,Food batchmakers,173.5,185.4,11.9,6.9,24.2,0.6,High school diploma or equivalent,,Moderate-term on-the-job training,40790.0,42830.0,30850.0,35340.0,49010.0,57800.0,19.61,20.59,14.83,16.99,23.56,27.79,171660.0,Food Batchmakers
51-3093,Food cooking machine operators and tenders,29.7,29.9,0.2,0.6,4.4,6.2,High school diploma or equivalent,,Moderate-term on-the-job training,40550.0,41930.0,30540.0,35310.0,47420.0,54170.0,19.49,20.16,14.68,16.98,22.8,26.04,27660.0,Food Cooking Machine Operators and Tenders
51-3099,"Food processing workers, all other",58.7,61.8,3.1,5.3,6.5,1.7,No formal educational credential,,Moderate-term on-the-job training,38420.0,39260.0,30290.0,35360.0,43020.0,47470.0,18.47,18.88,14.56,17.0,20.68,22.82,57920.0,"Food Processing Workers, All Other"
51-4021,"Extruding and drawing machine setters, operators, and tenders, metal and plastic",66.0,66.8,0.8,1.2,6.5,,High school diploma or equivalent,,Moderate-term on-the-job training,46980.0,48170.0,35390.0,39370.0,54360.0,62470.0,22.59,23.16,17.01,18.93,26.14,30.04,65700.0,"Extruding and Drawing Machine Setters, Operators, and Tenders, Metal and Plastic"
51-4022,"Forging machine setters, operators, and tenders, metal and plastic",8.8,7.2,-1.7,-18.9,0.6,,High school diploma or equivalent,,Moderate-term on-the-job training,49240.0,50900.0,35150.0,41350.0,59270.0,69540.0,23.67,24.47,16.9,19.88,28.5,33.43,8760.0,"Forging Machine Setters, Operators, and Tenders, Metal and Plastic"
51-4023,"Rolling machine setters, operators, and tenders, metal and plastic",22.5,20.6,-1.9,-8.3,1.9,,High school diploma or equivalent,,Moderate-term on-the-job training,48630.0,50940.0,37090.0,41600.0,57730.0,67500.0,23.38,24.49,17.83,20.0,27.76,32.45,22350.0,"Rolling Machine Setters, Operators, and Tenders, Metal and Plastic"
51-4031,"Cutting, punching, and press machine setters, operators, and tenders, metal and plastic",174.7,153.6,-21.1,-12.1,14.4,,High school diploma or equivalent,,Moderate-term on-the-job training,45590.0,47060.0,35000.0,38400.0,52150.0,62650.0,21.92,22.62,16.83,18.46,25.07,30.12,174430.0,"Cutting, Punching, and Press Machine Setters, Operators, and Tenders, Metal and Plastic"
51-4032,"Drilling and boring machine tool setters, operators, and tenders, metal and plastic",5.3,4.3,-1.0,-19.6,0.4,,High school diploma or equivalent,,Moderate-term on-the-job training,46630.0,50330.0,35360.0,41100.0,56820.0,65200.0,22.42,24.2,17.0,19.76,27.32,31.34,5310.0,"Drilling and Boring Machine Tool Setters, Operators, and Tenders, Metal and Plastic"
51-4033,"Grinding, lapping, polishing, and buffing machine tool setters, operators, and tenders, metal and plastic",70.1,61.7,-8.4,-12.0,5.5,,High school diploma or equivalent,,Moderate-term on-the-job training,45190.0,46600.0,34980.0,38420.0,51380.0,61550.0,21.73,22.41,16.82,18.47,24.7,29.59,70110.0,"Grinding, Lapping, Polishing, and Buffing Machine Tool Setters, Operators, and Tenders, Metal and Plastic"
51-4034,"Lathe and turning machine tool setters, operators, and tenders, metal and plastic",18.9,16.4,-2.6,-13.6,1.5,,High school diploma or equivalent,,Moderate-term on-the-job training,48620.0,50190.0,36200.0,41180.0,58100.0,65450.0,23.38,24.13,17.4,19.8,27.93,31.47,18970.0,"Lathe and Turning Machine Tool Setters, Operators, and Tenders, Metal and Plastic"
51-4035,"Milling and planing machine setters, operators, and tenders, metal and plastic",13.8,11.8,-2.0,-14.4,1.1,,High school diploma or equivalent,,Moderate-term on-the-job training,48310.0,52940.0,36810.0,41650.0,61290.0,75000.0,23.22,25.45,17.7,20.02,29.46,36.06,13810.0,"Milling and Planing Machine Setters, Operators, and Tenders, Metal and Plastic"
51-4041,Machinists,299.5,299.6,0.0,0.0,29.5,0.3,High school diploma or equivalent,,Long-term on-the-job training,56150.0,57390.0,38100.0,46250.0,64910.0,78760.0,27.0,27.59,18.32,22.23,31.21,37.86,298790.0,Machinists
51-4051,Metal-refining furnace operators and tenders,20.8,20.3,-0.5,-2.3,2.0,1.2,High school diploma or equivalent,,Moderate-term on-the-job training,55770.0,57290.0,38760.0,46550.0,65070.0,80280.0,26.81,27.55,18.63,22.38,31.29,38.59,20330.0,Metal-Refining Furnace Operators and Tenders
51-4052,"Pourers and casters, metal",5.9,5.7,-0.3,-4.7,0.6,1.2,High school diploma or equivalent,,Moderate-term on-the-job training,48940.0,51320.0,37250.0,41410.0,59850.0,68030.0,23.53,24.68,17.91,19.91,28.78,32.71,5830.0,"Pourers and Casters, Metal"
51-4061,"Model makers, metal and plastic",3.2,2.6,-0.6,-18.2,0.3,,High school diploma or equivalent,,Moderate-term on-the-job training,62700.0,65840.0,38430.0,48860.0,79470.0,95780.0,30.14,31.65,18.47,23.49,38.21,46.05,3230.0,"Model Makers, Metal and Plastic"
51-4062,"Patternmakers, metal and plastic",1.6,1.2,-0.4,-24.4,0.1,,High school diploma or equivalent,,Moderate-term on-the-job training,54540.0,57930.0,39150.0,47520.0,66590.0,79690.0,26.22,27.85,18.82,22.85,32.02,38.31,1570.0,"Patternmakers, Metal and Plastic"
51-4071,Foundry mold and coremakers,12.7,9.4,-3.3,-25.9,0.9,,High school diploma or equivalent,,Moderate-term on-the-job training,45700.0,46910.0,36220.0,39370.0,51360.0,61390.0,21.97,22.55,17.41,18.93,24.69,29.52,12720.0,Foundry Mold and Coremakers
51-4072,"Molding, coremaking, and casting machine setters, operators, and tenders, metal and plastic",154.6,148.8,-5.8,-3.8,15.9,,High school diploma or equivalent,,Moderate-term on-the-job training,41230.0,44130.0,31990.0,36290.0,49100.0,60110.0,19.82,21.22,15.38,17.45,23.61,28.9,154820.0,"Molding, Coremaking, and Casting Machine Setters, Operators, and Tenders, Metal and Plastic"
51-4081,"Multiple machine tool setters, operators, and tenders, metal and plastic",131.0,130.3,-0.7,-0.5,12.8,1.1,High school diploma or equivalent,,Moderate-term on-the-job training,46060.0,48590.0,34130.0,38320.0,56220.0,72850.0,22.14,23.36,16.41,18.42,27.03,35.02,129850.0,"Multiple Machine Tool Setters, Operators, and Tenders, Metal and Plastic"
51-4111,Tool and die makers,55.2,49.3,-6.0,-10.8,4.7,,Postsecondary nondegree award,,Long-term on-the-job training,63180.0,65100.0,44200.0,51200.0,77430.0,87660.0,30.38,31.3,21.25,24.61,37.23,42.15,55130.0,Tool and Die Makers
51-4121,"Welders, cutters, solderers, and brazers",457.3,467.2,9.9,2.2,45.6,6.3,High school diploma or equivalent,,Moderate-term on-the-job training,51000.0,55100.0,38130.0,45580.0,61610.0,75850.0,24.52,26.49,18.33,21.91,29.62,36.47,424040.0,"Welders, Cutters, Solderers, and Brazers"
51-4122,"Welding, soldering, and brazing machine setters, operators, and tenders",38.9,35.4,-3.5,-9.0,3.2,6.4,High school diploma or equivalent,,Moderate-term on-the-job training,47060.0,49270.0,35780.0,39480.0,55870.0,66190.0,22.62,23.69,17.2,18.98,26.86,31.82,36290.0,"Welding, Soldering, and Brazing Machine Setters, Operators, and Tenders"
51-4191,"Heat treating equipment setters, operators, and tenders, metal and plastic",14.8,12.9,-1.9,-12.8,1.2,1.0,High school diploma or equivalent,,Moderate-term on-the-job training,47450.0,49030.0,35260.0,39900.0,56330.0,64290.0,22.81,23.57,16.95,19.18,27.08,30.91,14590.0,"Heat Treating Equipment Setters, Operators, and Tenders, Metal and Plastic"
51-4192,"Layout workers, metal and plastic",5.7,5.4,-0.3,-5.4,0.5,,High school diploma or equivalent,,Moderate-term on-the-job training,61870.0,65770.0,40430.0,51810.0,76980.0,93230.0,29.74,31.62,19.44,24.91,37.01,44.82,5610.0,"Layout Workers, Metal and Plastic"
51-4193,"Plating machine setters, operators, and tenders, metal and plastic",31.7,27.4,-4.3,-13.6,2.5,1.0,High school diploma or equivalent,,Moderate-term on-the-job training,41600.0,43820.0,31940.0,36620.0,48990.0,58320.0,20.0,21.07,15.36,17.61,23.55,28.04,31510.0,"Plating Machine Setters, Operators, and Tenders, Metal and Plastic"
51-4194,"Tool grinders, filers, and sharpeners",5.8,5.4,-0.5,-7.8,0.5,1.0,High school diploma or equivalent,,Moderate-term on-the-job training,48970.0,51790.0,33770.0,39520.0,60210.0,74120.0,23.54,24.9,16.24,19.0,28.95,35.64,5730.0,"Tool Grinders, Filers, and Sharpeners"
51-4199,"Metal workers and plastic workers, all other",20.4,18.5,-1.9,-9.5,1.7,1.0,High school diploma or equivalent,,Moderate-term on-the-job training,42750.0,45850.0,33850.0,36890.0,49930.0,62800.0,20.56,22.05,16.27,17.74,24.01,30.19,20270.0,"Metal Workers and Plastic Workers, All Other"
51-5111,Prepress technicians and workers,26.2,22.3,-3.8,-14.6,2.8,12.9,Postsecondary nondegree award,,,47300.0,49130.0,34270.0,39000.0,57530.0,65530.0,22.74,23.62,16.48,18.75,27.66,31.5,23070.0,Prepress Technicians and Workers
51-5112,Printing press operators,150.2,138.0,-12.2,-8.1,13.7,4.2,High school diploma or equivalent,,Moderate-term on-the-job training,45160.0,46620.0,31450.0,36970.0,54340.0,63060.0,21.71,22.41,15.12,17.77,26.13,30.32,145110.0,Printing Press Operators
51-5113,Print binding and finishing workers,35.8,30.0,-5.8,-16.1,2.8,,High school diploma or equivalent,,Moderate-term on-the-job training,39820.0,43040.0,31110.0,36070.0,48240.0,57980.0,19.14,20.69,14.96,17.34,23.19,27.87,36470.0,Print Binding and Finishing Workers
51-6011,Laundry and dry-cleaning workers,202.6,213.5,10.9,5.4,31.9,2.3,No formal educational credential,,Short-term on-the-job training,33800.0,33990.0,26270.0,29530.0,36760.0,42370.0,16.25,16.34,12.63,14.2,17.67,20.37,195360.0,Laundry and Dry-Cleaning Workers
51-6021,"Pressers, textile, garment, and related materials",28.4,24.6,-3.8,-13.5,2.8,,No formal educational credential,,Short-term on-the-job training,33880.0,33370.0,24960.0,29060.0,36830.0,41410.0,16.29,16.04,12.0,13.97,17.71,19.91,26830.0,"Pressers, Textile, Garment, and Related Materials"
51-6031,Sewing machine operators,124.0,110.7,-13.3,-10.8,13.0,11.2,No formal educational credential,,Short-term on-the-job training,36000.0,36680.0,26860.0,31200.0,40810.0,47060.0,17.31,17.64,12.91,15.0,19.62,22.62,109590.0,Sewing Machine Operators
51-6041,Shoe and leather workers and repairers,9.5,9.1,-0.4,-3.8,0.9,19.1,High school diploma or equivalent,,Moderate-term on-the-job training,35950.0,36280.0,25170.0,29400.0,41400.0,48090.0,17.29,17.44,12.1,14.13,19.91,23.12,7640.0,Shoe and Leather Workers and Repairers
51-6042,Shoe machine operators and tenders,4.1,3.9,-0.2,-3.7,0.4,19.0,High school diploma or equivalent,,Short-term on-the-job training,38160.0,37230.0,24160.0,30450.0,43390.0,47860.0,18.35,17.9,11.61,14.64,20.86,23.01,3270.0,Shoe Machine Operators and Tenders
51-6051,"Sewers, hand",5.4,5.0,-0.4,-7.0,0.7,57.2,No formal educational credential,,Moderate-term on-the-job training,33760.0,34810.0,25530.0,29210.0,38180.0,46320.0,16.23,16.74,12.28,14.04,18.36,22.27,2240.0,"Sewers, Hand"
51-6052,"Tailors, dressmakers, and custom sewers",38.8,37.1,-1.7,-4.5,5.0,57.4,No formal educational credential,,Moderate-term on-the-job training,40860.0,44050.0,27110.0,33480.0,49780.0,62490.0,19.64,21.18,13.04,16.1,23.94,30.04,16290.0,"Tailors, Dressmakers, and Custom Sewers"
51-6061,Textile bleaching and dyeing machine operators and tenders,6.2,5.5,-0.6,-10.1,0.7,2.4,High school diploma or equivalent,,Short-term on-the-job training,37320.0,39000.0,28990.0,32350.0,43230.0,47660.0,17.94,18.75,13.94,15.55,20.79,22.92,5820.0,Textile Bleaching and Dyeing Machine Operators and Tenders
51-6062,"Textile cutting machine setters, operators, and tenders",9.3,8.2,-1.1,-11.7,1.0,2.4,High school diploma or equivalent,,Moderate-term on-the-job training,37940.0,38500.0,27230.0,32380.0,43710.0,49080.0,18.24,18.51,13.09,15.57,21.01,23.6,8960.0,"Textile Cutting Machine Setters, Operators, and Tenders"
51-6063,"Textile knitting and weaving machine setters, operators, and tenders",15.3,13.6,-1.7,-11.2,1.7,2.4,High school diploma or equivalent,,Short-term on-the-job training,38260.0,39470.0,29640.0,34530.0,44180.0,48070.0,18.4,18.97,14.25,16.6,21.24,23.11,14530.0,"Textile Knitting and Weaving Machine Setters, Operators, and Tenders"
51-6064,"Textile winding, twisting, and drawing out machine setters, operators, and tenders",21.7,19.8,-1.9,-9.0,2.5,2.4,High school diploma or equivalent,,Moderate-term on-the-job training,37660.0,38440.0,30380.0,35270.0,40970.0,46940.0,18.11,18.48,14.61,16.96,19.7,22.57,20600.0,"Textile Winding, Twisting, and Drawing Out Machine Setters, Operators, and Tenders"
51-6091,"Extruding and forming machine setters, operators, and tenders, synthetic and glass fibers",15.2,15.0,-0.2,-1.1,2.0,,High school diploma or equivalent,,Moderate-term on-the-job training,44980.0,47420.0,35590.0,38990.0,54690.0,63650.0,21.63,22.8,17.11,18.75,26.29,30.6,14900.0,"Extruding and Forming Machine Setters, Operators, and Tenders, Synthetic and Glass Fibers"
51-6092,Fabric and apparel patternmakers,2.8,2.5,-0.3,-10.2,0.3,,High school diploma or equivalent,,Moderate-term on-the-job training,67670.0,71630.0,34590.0,44110.0,91080.0,112540.0,32.54,34.44,16.63,21.21,43.79,54.11,2860.0,Fabric and Apparel Patternmakers
51-6093,Upholsterers,22.7,22.3,-0.4,-1.8,2.2,9.2,High school diploma or equivalent,,Moderate-term on-the-job training,46190.0,46960.0,32190.0,37200.0,51740.0,63600.0,22.21,22.58,15.47,17.89,24.88,30.58,20990.0,Upholsterers
51-6099,"Textile, apparel, and furnishings workers, all other",14.7,13.3,-1.4,-9.4,1.7,,High school diploma or equivalent,,Short-term on-the-job training,37010.0,40410.0,30290.0,32850.0,44810.0,53710.0,17.79,19.43,14.56,15.79,21.54,25.82,14450.0,"Textile, Apparel, and Furnishings Workers, All Other"
51-7011,Cabinetmakers and bench carpenters,86.0,84.7,-1.4,-1.6,8.1,9.0,High school diploma or equivalent,,Moderate-term on-the-job training,46020.0,47460.0,34700.0,38240.0,54010.0,63220.0,22.12,22.82,16.69,18.38,25.97,30.4,79540.0,Cabinetmakers and Bench Carpenters
51-7021,Furniture finishers,20.5,19.8,-0.7,-3.3,2.0,32.0,High school diploma or equivalent,,Short-term on-the-job training,42530.0,44310.0,31200.0,36770.0,49020.0,59820.0,20.45,21.31,15.0,17.68,23.57,28.76,14230.0,Furniture Finishers
51-7031,"Model makers, wood",0.9,0.9,0.0,-4.5,0.1,57.8,High school diploma or equivalent,,Moderate-term on-the-job training,51850.0,59780.0,24710.0,40420.0,80380.0,95850.0,24.93,28.74,11.88,19.43,38.65,46.08,360.0,"Model Makers, Wood"
51-7032,"Patternmakers, wood",0.5,0.4,0.0,-5.0,0.0,58.1,High school diploma or equivalent,,Moderate-term on-the-job training,52520.0,57920.0,40730.0,45450.0,77410.0,83330.0,25.25,27.84,19.58,21.85,37.22,40.06,180.0,"Patternmakers, Wood"
51-7041,"Sawing machine setters, operators, and tenders, wood",45.0,44.7,-0.3,-0.6,4.8,3.8,High school diploma or equivalent,,Moderate-term on-the-job training,39950.0,42390.0,29670.0,35550.0,47770.0,56560.0,19.21,20.38,14.27,17.09,22.97,27.19,43140.0,"Sawing Machine Setters, Operators, and Tenders, Wood"
51-7042,"Woodworking machine setters, operators, and tenders, except sawing",63.1,61.9,-1.1,-1.8,6.4,,High school diploma or equivalent,,Moderate-term on-the-job training,40440.0,42290.0,30920.0,36260.0,47650.0,54340.0,19.44,20.33,14.87,17.43,22.91,26.13,63350.0,"Woodworking Machine Setters, Operators, and Tenders, Except Sawing"
51-7099,"Woodworkers, all other",17.6,16.8,-0.8,-4.4,1.8,59.5,High school diploma or equivalent,,Moderate-term on-the-job training,41220.0,43730.0,30470.0,35890.0,48820.0,60870.0,19.82,21.03,14.65,17.26,23.47,29.27,6590.0,"Woodworkers, All Other"
51-8011,Nuclear power reactor operators,5.7,4.9,-0.9,-15.3,0.4,,High school diploma or equivalent,,Long-term on-the-job training,122610.0,122830.0,99300.0,107170.0,131520.0,152690.0,58.95,59.05,47.74,51.52,63.23,73.41,5720.0,Nuclear Power Reactor Operators
51-8012,Power distributors and dispatchers,9.3,9.0,-0.3,-3.2,0.8,,High school diploma or equivalent,,Long-term on-the-job training,107240.0,109620.0,70760.0,91670.0,128690.0,144900.0,51.56,52.7,34.02,44.07,61.87,69.66,9180.0,Power Distributors and Dispatchers
51-8013,Power plant operators,31.6,28.0,-3.5,-11.2,2.5,,High school diploma or equivalent,,Long-term on-the-job training,99670.0,95990.0,59930.0,77400.0,111980.0,128760.0,47.92,46.15,28.81,37.21,53.84,61.9,30720.0,Power Plant Operators
51-8021,Stationary engineers and boiler operators,33.3,34.0,0.7,2.2,3.8,3.1,High school diploma or equivalent,,Long-term on-the-job training,75190.0,79710.0,47310.0,60110.0,96420.0,121200.0,36.15,38.32,22.75,28.9,46.36,58.27,30780.0,Stationary Engineers and Boiler Operators
51-8031,Water and wastewater treatment plant and system operators,132.4,123.8,-8.7,-6.5,10.7,1.1,High school diploma or equivalent,,Long-term on-the-job training,58260.0,60620.0,37870.0,47020.0,71280.0,86160.0,28.01,29.15,18.21,22.61,34.27,41.42,126750.0,Water and Wastewater Treatment Plant and System Operators
51-8091,Chemical plant and system operators,18.1,17.0,-1.1,-6.1,1.6,,High school diploma or equivalent,,Moderate-term on-the-job training,73540.0,76290.0,48000.0,57080.0,98050.0,107790.0,35.35,36.68,23.08,27.44,47.14,51.82,17840.0,Chemical Plant and System Operators
51-8092,Gas plant operators,16.2,14.8,-1.4,-8.8,1.3,,High school diploma or equivalent,,Long-term on-the-job training,83400.0,85470.0,59040.0,73150.0,100000.0,109350.0,40.1,41.09,28.38,35.17,48.08,52.57,15910.0,Gas Plant Operators
51-8093,"Petroleum pump system operators, refinery operators, and gaugers",34.9,34.0,-1.0,-2.8,3.2,,High school diploma or equivalent,,Moderate-term on-the-job training,97540.0,90970.0,59790.0,77970.0,104660.0,112920.0,46.9,43.74,28.75,37.49,50.32,54.29,34860.0,"Petroleum Pump System Operators, Refinery Operators, and Gaugers"
51-8099,"Plant and system operators, all other",16.3,16.6,0.3,1.6,1.6,,High school diploma or equivalent,,Moderate-term on-the-job training,61710.0,64490.0,40250.0,47860.0,76910.0,92750.0,29.67,31.0,19.35,23.01,36.98,44.59,15950.0,"Plant and System Operators, All Other"
51-9011,Chemical equipment operators and tenders,128.9,133.1,4.3,3.3,14.4,0.4,High school diploma or equivalent,,Moderate-term on-the-job training,57090.0,59800.0,37270.0,45660.0,71400.0,88460.0,27.45,28.75,17.92,21.95,34.33,42.53,127410.0,Chemical Equipment Operators and Tenders
51-9012,"Separating, filtering, clarifying, precipitating, and still machine setters, operators, and tenders",54.4,52.0,-2.3,-4.3,5.4,0.4,High school diploma or equivalent,,Moderate-term on-the-job training,49500.0,53830.0,35810.0,41830.0,61350.0,75860.0,23.8,25.88,17.22,20.11,29.5,36.47,54200.0,"Separating, Filtering, Clarifying, Precipitating, and Still Machine Setters, Operators, and Tenders"
51-9021,"Crushing, grinding, and polishing machine setters, operators, and tenders",28.7,27.9,-0.7,-2.5,2.7,,High school diploma or equivalent,,Moderate-term on-the-job training,46890.0,49400.0,35380.0,38990.0,58440.0,65980.0,22.54,23.75,17.01,18.75,28.1,31.72,28550.0,"Crushing, Grinding, and Polishing Machine Setters, Operators, and Tenders"
51-9022,"Grinding and polishing workers, hand",11.8,9.3,-2.5,-21.2,0.8,,No formal educational credential,,Moderate-term on-the-job training,41690.0,43550.0,32120.0,36660.0,48410.0,57250.0,20.04,20.94,15.44,17.63,23.27,27.53,11850.0,"Grinding and Polishing Workers, Hand"
51-9023,"Mixing and blending machine setters, operators, and tenders",101.1,94.3,-6.8,-6.8,8.8,,High school diploma or equivalent,,Moderate-term on-the-job training,47680.0,49990.0,35000.0,39800.0,57940.0,67570.0,22.92,24.04,16.83,19.13,27.86,32.48,100840.0,"Mixing and Blending Machine Setters, Operators, and Tenders"
51-9031,"Cutters and trimmers, hand",7.0,5.7,-1.3,-18.1,0.6,3.4,No formal educational credential,,Short-term on-the-job training,38800.0,41960.0,29910.0,33860.0,48790.0,57820.0,18.65,20.17,14.38,16.28,23.46,27.8,7070.0,"Cutters and Trimmers, Hand"
51-9032,"Cutting and slicing machine setters, operators, and tenders",49.0,47.9,-1.1,-2.3,5.3,3.3,High school diploma or equivalent,,Moderate-term on-the-job training,45700.0,46420.0,34890.0,38540.0,52000.0,60430.0,21.97,22.32,16.77,18.53,25.0,29.05,47540.0,"Cutting and Slicing Machine Setters, Operators, and Tenders"
51-9041,"Extruding, forming, pressing, and compacting machine setters, operators, and tenders",57.3,58.4,1.1,2.0,5.2,,High school diploma or equivalent,,Moderate-term on-the-job training,45130.0,47040.0,34790.0,38410.0,51970.0,64660.0,21.7,22.62,16.73,18.46,24.99,31.09,57310.0,"Extruding, Forming, Pressing, and Compacting Machine Setters, Operators, and Tenders"
51-9051,"Furnace, kiln, oven, drier, and kettle operators and tenders",16.5,17.0,0.5,3.0,1.9,1.5,High school diploma or equivalent,,Moderate-term on-the-job training,47010.0,49250.0,35010.0,39250.0,57840.0,66190.0,22.6,23.68,16.83,18.87,27.81,31.82,16160.0,"Furnace, Kiln, Oven, Drier, and Kettle Operators and Tenders"
51-9061,"Inspectors, testers, sorters, samplers, and weighers",598.0,598.1,0.1,0.0,69.9,1.4,High school diploma or equivalent,,Moderate-term on-the-job training,47460.0,51670.0,34590.0,38740.0,59970.0,75510.0,22.82,24.84,16.63,18.62,28.83,36.3,591180.0,"Inspectors, Testers, Sorters, Samplers, and Weighers"
51-9071,Jewelers and precious stone and metal workers,35.1,33.2,-1.9,-5.5,4.0,33.9,High school diploma or equivalent,,Long-term on-the-job training,49140.0,55030.0,33890.0,38030.0,63210.0,81610.0,23.63,26.46,16.29,18.29,30.39,39.23,23420.0,Jewelers and Precious Stone and Metal Workers
51-9081,Dental laboratory technicians,35.2,33.6,-1.6,-4.7,3.9,4.0,High school diploma or equivalent,,Moderate-term on-the-job training,48310.0,54060.0,36100.0,39250.0,62320.0,78680.0,23.23,25.99,17.35,18.87,29.96,37.83,33920.0,Dental Laboratory Technicians
51-9082,Medical appliance technicians,12.0,12.4,0.4,3.7,1.5,4.0,High school diploma or equivalent,,Moderate-term on-the-job training,47060.0,51410.0,36560.0,40300.0,58710.0,74570.0,22.63,24.72,17.58,19.38,28.23,35.85,11490.0,Medical Appliance Technicians
51-9083,Ophthalmic laboratory technicians,19.6,20.0,0.5,2.3,2.4,4.0,High school diploma or equivalent,,Moderate-term on-the-job training,38420.0,41760.0,31250.0,35580.0,45410.0,55480.0,18.47,20.08,15.02,17.11,21.83,26.67,18740.0,Ophthalmic Laboratory Technicians
51-9111,Packaging and filling machine operators and tenders,381.2,398.2,17.0,4.5,45.3,,High school diploma or equivalent,,Moderate-term on-the-job training,40900.0,43630.0,31890.0,36250.0,48440.0,58910.0,19.67,20.98,15.33,17.43,23.29,28.32,383860.0,Packaging and Filling Machine Operators and Tenders
51-9123,"Painting, coating, and decorating workers",8.8,8.9,0.1,1.4,0.8,3.5,No formal educational credential,,Moderate-term on-the-job training,40860.0,44130.0,28490.0,34540.0,50700.0,62770.0,19.64,21.22,13.7,16.61,24.38,30.18,8470.0,"Painting, Coating, and Decorating Workers"
51-9124,"Coating, painting, and spraying machine setters, operators, and tenders",165.5,166.7,1.2,0.7,15.8,3.6,High school diploma or equivalent,,Moderate-term on-the-job training,47590.0,51610.0,35480.0,39470.0,58740.0,72800.0,22.88,24.81,17.06,18.98,28.24,35.0,159500.0,"Coating, Painting, and Spraying Machine Setters, Operators, and Tenders"
51-9141,Semiconductor processing technicians,31.9,35.4,3.5,10.9,3.9,,High school diploma or equivalent,,Moderate-term on-the-job training,51180.0,59640.0,35980.0,45320.0,74640.0,87190.0,24.6,28.68,17.3,21.79,35.89,41.92,32150.0,Semiconductor Processing Technicians
51-9151,Photographic process workers and processing machine operators,11.2,10.9,-0.3,-2.6,1.5,39.0,High school diploma or equivalent,,Short-term on-the-job training,40100.0,46050.0,30840.0,34460.0,51590.0,69290.0,19.28,22.14,14.83,16.57,24.8,33.31,5550.0,Photographic Process Workers and Processing Machine Operators
51-9161,Computer numerically controlled tool operators,177.1,158.1,-19.0,-10.7,13.5,0.2,High school diploma or equivalent,,Moderate-term on-the-job training,49970.0,52900.0,37160.0,42710.0,60980.0,71160.0,24.02,25.43,17.87,20.53,29.32,34.21,176950.0,Computer Numerically Controlled Tool Operators
51-9162,Computer numerically controlled tool programmers,28.3,31.9,3.6,12.8,3.1,,Postsecondary nondegree award,,Moderate-term on-the-job training,65670.0,69880.0,45760.0,55960.0,80300.0,97930.0,31.57,33.6,22.0,26.91,38.61,47.08,28230.0,Computer Numerically Controlled Tool Programmers
51-9191,Adhesive bonding machine operators and tenders,12.2,12.3,0.1,1.0,1.3,,High school diploma or equivalent,,Moderate-term on-the-job training,45210.0,45670.0,31290.0,36420.0,52060.0,60420.0,21.74,21.96,15.04,17.51,25.03,29.05,12170.0,Adhesive Bonding Machine Operators and Tenders
51-9192,"Cleaning, washing, and metal pickling equipment operators and tenders",14.6,15.2,0.5,3.6,1.6,3.7,High school diploma or equivalent,,Moderate-term on-the-job training,41460.0,43380.0,32770.0,37140.0,48280.0,56590.0,19.93,20.86,15.76,17.86,23.21,27.21,13890.0,"Cleaning, Washing, and Metal Pickling Equipment Operators and Tenders"
51-9193,Cooling and freezing equipment operators and tenders,7.1,7.6,0.5,7.2,0.8,3.7,High school diploma or equivalent,,Moderate-term on-the-job training,40160.0,44290.0,33710.0,36150.0,49150.0,62760.0,19.31,21.29,16.21,17.38,23.63,30.17,6590.0,Cooling and Freezing Equipment Operators and Tenders
51-9194,Etchers and engravers,8.6,8.6,-0.1,-0.7,0.9,3.2,High school diploma or equivalent,,Moderate-term on-the-job training,40450.0,43280.0,29530.0,35650.0,48510.0,60430.0,19.45,20.81,14.2,17.14,23.32,29.05,8390.0,Etchers and Engravers
51-9195,"Molders, shapers, and casters, except metal and plastic",41.7,44.3,2.6,6.2,5.5,14.2,High school diploma or equivalent,,Long-term on-the-job training,45690.0,46730.0,34950.0,38500.0,51340.0,61050.0,21.97,22.47,16.8,18.51,24.68,29.35,34750.0,"Molders, Shapers, and Casters, Except Metal and Plastic"
51-9196,"Paper goods machine setters, operators, and tenders",97.5,91.4,-6.1,-6.3,8.1,1.2,High school diploma or equivalent,,Moderate-term on-the-job training,49390.0,51750.0,36610.0,43520.0,59220.0,68640.0,23.75,24.88,17.6,20.92,28.47,33.0,96950.0,"Paper Goods Machine Setters, Operators, and Tenders"
51-9197,Tire builders,20.9,21.4,0.5,2.3,2.5,,High school diploma or equivalent,,Moderate-term on-the-job training,55580.0,56230.0,39990.0,48740.0,65410.0,70250.0,26.72,27.03,19.22,23.43,31.45,33.78,20970.0,Tire Builders
51-9198,Helpers--production workers,168.5,153.5,-15.0,-8.9,23.6,0.1,High school diploma or equivalent,,Short-term on-the-job training,38220.0,40080.0,30060.0,34390.0,44980.0,52120.0,18.38,19.27,14.45,16.54,21.63,25.06,167490.0,Helpers--Production Workers
51-9199,"Production workers, all other",292.8,294.3,1.5,0.5,31.6,3.7,High school diploma or equivalent,,Moderate-term on-the-job training,38820.0,42940.0,30370.0,35080.0,47550.0,59600.0,18.66,20.64,14.6,16.86,22.86,28.66,277060.0,"Production Workers, All Other"
53-1041,Aircraft cargo handling supervisors,10.3,10.8,0.5,5.2,1.1,0.8,High school diploma or equivalent,Less than 5 years,,63940.0,66190.0,38010.0,49020.0,79600.0,96300.0,30.74,31.82,18.27,23.57,38.27,46.3,10160.0,Aircraft Cargo Handling Supervisors
53-1047,"First-line supervisors of transportation and material moving workers, except aircraft cargo handling supervisors",609.6,632.2,22.5,3.7,61.3,0.8,High school diploma or equivalent,Less than 5 years,,61890.0,65670.0,41290.0,48750.0,77520.0,94830.0,29.76,31.57,19.85,23.44,37.27,45.59,605510.0,"First-Line Supervisors of Transportation and Material Moving Workers, Except Aircraft Cargo Handling Supervisors"
53-2011,"Airline pilots, copilots, and flight engineers",100.0,103.9,3.9,3.9,11.7,,Bachelor's degree,Less than 5 years,Moderate-term on-the-job training,226600.0,280570.0,98560.0,154360.0,,,,,,,,,99300.0,"Airline Pilots, Copilots, and Flight Engineers"
53-2012,Commercial pilots,55.4,58.3,2.8,5.1,6.6,3.7,Postsecondary nondegree award,,Moderate-term on-the-job training,122670.0,142960.0,59330.0,81660.0,175050.0,,,,,,,,51830.0,Commercial Pilots
53-2021,Air traffic controllers,24.1,24.4,0.3,1.2,2.2,,Associate's degree,,Long-term on-the-job training,144580.0,142740.0,76090.0,101150.0,186510.0,210410.0,69.51,68.62,36.58,48.63,89.67,101.16,22400.0,Air Traffic Controllers
53-2022,Airfield operations specialists,16.9,17.6,0.7,4.2,1.6,,High school diploma or equivalent,,Long-term on-the-job training,56750.0,67120.0,35200.0,41220.0,78320.0,111030.0,27.28,32.27,16.92,19.82,37.66,53.38,16640.0,Airfield Operations Specialists
53-2031,Flight attendants,130.8,142.9,12.1,9.2,19.8,,High school diploma or equivalent,Less than 5 years,Moderate-term on-the-job training,67130.0,78950.0,34030.0,52280.0,98160.0,138040.0,,,,,,,130110.0,Flight Attendants
53-3011,"Ambulance drivers and attendants, except emergency medical technicians",12.3,12.1,-0.2,-1.3,1.4,,High school diploma or equivalent,,Moderate-term on-the-job training,34330.0,35550.0,25460.0,29580.0,38000.0,46630.0,16.51,17.09,12.24,14.22,18.27,22.42,12080.0,"Ambulance Drivers and Attendants, Except Emergency Medical Technicians"
53-3031,Driver/sales workers,451.5,491.3,39.8,8.8,51.3,6.9,High school diploma or equivalent,,Short-term on-the-job training,37130.0,39670.0,21760.0,29120.0,47590.0,59730.0,17.85,19.07,10.46,14.0,22.88,28.72,417420.0,Driver/Sales Workers
53-3032,Heavy and tractor-trailer truck drivers,2235.1,2324.4,89.3,4.0,237.6,6.9,Postsecondary nondegree award,,Short-term on-the-job training,57440.0,58400.0,38640.0,47230.0,65520.0,78800.0,27.62,28.08,18.58,22.71,31.5,37.89,2070480.0,Heavy and Tractor-Trailer Truck Drivers
53-3033,Light truck drivers,1079.8,1158.6,78.9,7.3,120.2,6.8,High school diploma or equivalent,,Short-term on-the-job training,44140.0,47950.0,29580.0,36670.0,52460.0,79630.0,21.22,23.05,14.22,17.63,25.22,38.29,994410.0,Light Truck Drivers
53-3051,"Bus drivers, school",387.3,388.2,0.9,0.2,61.0,0.4,High school diploma or equivalent,,Short-term on-the-job training,47040.0,46660.0,27680.0,37490.0,56140.0,63810.0,22.62,22.44,13.31,18.03,26.99,30.68,387920.0,"Bus Drivers, School"
53-3052,"Bus drivers, transit and intercity",158.8,165.6,6.8,4.3,20.9,1.8,High school diploma or equivalent,,Moderate-term on-the-job training,57440.0,58390.0,38250.0,46050.0,69090.0,82640.0,27.61,28.07,18.39,22.14,33.21,39.73,148980.0,"Bus Drivers, Transit and Intercity"
53-3053,Shuttle drivers and chauffeurs,243.9,260.3,16.4,6.7,36.3,3.1,No formal educational credential,,Short-term on-the-job training,36670.0,39070.0,27490.0,31460.0,44510.0,52910.0,17.63,18.79,13.21,15.13,21.4,25.44,229630.0,Shuttle Drivers and Chauffeurs
53-3054,Taxi drivers,204.0,226.6,22.6,11.1,22.6,91.5,No formal educational credential,,Short-term on-the-job training,36220.0,39310.0,27280.0,31320.0,40630.0,61920.0,17.42,18.9,13.12,15.06,19.53,29.77,17510.0,Taxi Drivers
53-3099,"Motor vehicle operators, all other",79.3,84.0,4.7,6.0,11.1,34.8,No formal educational credential,,Short-term on-the-job training,36260.0,40980.0,25690.0,30250.0,47130.0,64940.0,17.43,19.7,12.35,14.54,22.66,31.22,50330.0,"Motor Vehicle Operators, All Other"
53-4011,Locomotive engineers,27.0,27.2,0.2,0.7,2.2,,High school diploma or equivalent,Less than 5 years,Moderate-term on-the-job training,77400.0,81540.0,60980.0,73410.0,84230.0,100690.0,37.21,39.2,29.32,35.29,40.49,48.41,31990.0,Locomotive Engineers
53-4013,"Rail yard engineers, dinkey operators, and hostlers",3.1,3.1,0.0,0.3,0.2,,High school diploma or equivalent,,Moderate-term on-the-job training,58030.0,60810.0,44510.0,51770.0,65530.0,79070.0,27.9,29.23,21.4,24.89,31.5,38.02,3300.0,"Rail Yard Engineers, Dinkey Operators, and Hostlers"
53-4022,"Railroad brake, signal, and switch operators and locomotive firers",11.0,11.1,0.1,1.0,1.0,,High school diploma or equivalent,,Moderate-term on-the-job training,65480.0,63170.0,43750.0,51730.0,70130.0,80840.0,31.48,30.37,21.04,24.87,33.72,38.87,12460.0,"Railroad Brake, Signal, and Switch Operators and Locomotive Firers"
53-4031,Railroad conductors and yardmasters,36.8,37.2,0.4,1.1,3.1,,High school diploma or equivalent,,Moderate-term on-the-job training,74080.0,75490.0,53490.0,63480.0,82060.0,103350.0,35.62,36.29,25.72,30.52,39.45,49.69,42710.0,Railroad Conductors and Yardmasters
53-4041,Subway and streetcar operators,9.6,9.9,0.3,3.4,0.9,,High school diploma or equivalent,,Moderate-term on-the-job training,84830.0,75620.0,52260.0,59500.0,87940.0,87940.0,40.78,36.36,25.13,28.61,42.28,42.28,9200.0,Subway and Streetcar Operators
53-4099,"Rail transportation workers, all other",1.6,1.6,0.1,3.9,0.2,,High school diploma or equivalent,,Moderate-term on-the-job training,49330.0,53500.0,34690.0,40460.0,64710.0,82620.0,23.72,25.72,16.68,19.45,31.11,39.72,1520.0,"Rail Transportation Workers, All Other"
53-5011,Sailors and marine oilers,32.1,32.8,0.7,2.3,3.9,,No formal educational credential,,Moderate-term on-the-job training,49610.0,55320.0,33350.0,38450.0,65370.0,81890.0,23.85,26.59,16.03,18.49,31.43,39.37,31360.0,Sailors and Marine Oilers
53-5021,"Captains, mates, and pilots of water vessels",40.7,40.9,0.2,0.5,4.3,7.1,Postsecondary nondegree award,Less than 5 years,,85540.0,97660.0,46260.0,60800.0,124530.0,164230.0,41.13,46.95,22.24,29.23,59.87,78.96,35390.0,"Captains, Mates, and Pilots of Water Vessels"
53-5022,Motorboat operators,2.7,2.8,0.0,1.4,0.3,6.5,Postsecondary nondegree award,Less than 5 years,,51880.0,55370.0,31970.0,39860.0,68490.0,82330.0,24.94,26.62,15.37,19.16,32.93,39.58,2380.0,Motorboat Operators
53-5031,Ship engineers,8.8,9.0,0.1,1.6,1.1,,Postsecondary nondegree award,Less than 5 years,,101320.0,105600.0,56620.0,71720.0,130380.0,162370.0,48.71,50.77,27.22,34.48,62.69,78.06,8580.0,Ship Engineers
53-6011,Bridge and lock tenders,2.9,2.8,-0.1,-3.3,0.3,,High school diploma or equivalent,,Short-term on-the-job training,58490.0,56520.0,32690.0,43700.0,69530.0,74400.0,28.12,27.17,15.72,21.01,33.43,35.77,2720.0,Bridge and Lock Tenders
53-6021,Parking attendants,135.7,139.8,4.0,3.0,18.5,,No formal educational credential,,Short-term on-the-job training,34600.0,34190.0,24960.0,29590.0,37230.0,43840.0,16.63,16.44,12.0,14.23,17.9,21.08,134650.0,Parking Attendants
53-6031,Automotive and watercraft service attendants,100.0,99.0,-1.0,-1.0,14.4,0.8,No formal educational credential,,Short-term on-the-job training,34850.0,35800.0,27870.0,30600.0,38430.0,45240.0,16.76,17.21,13.4,14.71,18.47,21.75,98270.0,Automotive and Watercraft Service Attendants
53-6032,Aircraft service attendants,28.0,29.5,1.4,5.1,4.3,0.8,High school diploma or equivalent,,Short-term on-the-job training,41540.0,43630.0,34320.0,37320.0,47390.0,55950.0,19.97,20.98,16.5,17.94,22.78,26.9,27310.0,Aircraft Service Attendants
53-6041,Traffic technicians,7.9,8.2,0.3,3.7,0.8,1.1,High school diploma or equivalent,,Moderate-term on-the-job training,58480.0,61310.0,38060.0,46690.0,74480.0,85810.0,28.12,29.48,18.3,22.45,35.81,41.25,7580.0,Traffic Technicians
53-6051,Transportation inspectors,25.7,26.1,0.4,1.7,2.5,6.3,High school diploma or equivalent,,Moderate-term on-the-job training,85750.0,86490.0,40090.0,58650.0,105020.0,137120.0,41.23,41.58,19.27,28.2,50.49,65.92,23320.0,Transportation Inspectors
53-6061,Passenger attendants,25.6,26.8,1.2,4.7,4.1,,High school diploma or equivalent,,Short-term on-the-job training,37560.0,38480.0,29120.0,32090.0,41180.0,49510.0,18.06,18.5,14.0,15.43,19.8,23.81,25340.0,Passenger Attendants
53-6099,"Transportation workers, all other",11.5,11.9,0.4,3.8,1.2,2.9,High school diploma or equivalent,,Short-term on-the-job training,39630.0,45040.0,27780.0,32630.0,53350.0,65810.0,19.05,21.65,13.36,15.69,25.65,31.64,10960.0,"Transportation Workers, All Other"
53-7011,Conveyor operators and tenders,29.1,28.1,-1.0,-3.4,2.6,8.9,No formal educational credential,,Short-term on-the-job training,41230.0,44800.0,34940.0,37500.0,48640.0,60390.0,19.82,21.54,16.8,18.03,23.38,29.03,26060.0,Conveyor Operators and Tenders
53-7021,Crane and tower operators,42.3,43.5,1.3,3.0,3.8,,High school diploma or equivalent,Less than 5 years,Moderate-term on-the-job training,66370.0,71560.0,41670.0,50970.0,81630.0,102400.0,31.91,34.4,20.03,24.5,39.24,49.23,42000.0,Crane and Tower Operators
53-7031,Dredge operators,1.1,1.2,0.0,1.2,0.1,8.0,High school diploma or equivalent,,Moderate-term on-the-job training,48430.0,55820.0,42060.0,46120.0,60300.0,75050.0,23.28,26.84,20.22,22.17,28.99,36.08,1030.0,Dredge Operators
53-7041,Hoist and winch operators,2.7,2.7,0.0,-1.1,0.3,7.8,No formal educational credential,,Short-term on-the-job training,52310.0,64070.0,33910.0,39220.0,90200.0,116120.0,25.15,30.81,16.3,18.86,43.37,55.83,2480.0,Hoist and Winch Operators
53-7051,Industrial truck and tractor operators,792.5,801.6,9.1,1.1,76.4,0.4,No formal educational credential,,Short-term on-the-job training,46390.0,47830.0,36500.0,39780.0,53680.0,61540.0,22.3,23.0,17.55,19.13,25.81,29.59,805770.0,Industrial Truck and Tractor Operators
53-7061,Cleaners of vehicles and equipment,410.1,426.2,16.0,3.9,56.2,7.4,No formal educational credential,,Short-term on-the-job training,35270.0,36290.0,26740.0,29790.0,39630.0,47150.0,16.96,17.45,12.86,14.32,19.05,22.67,373960.0,Cleaners of Vehicles and Equipment
53-7062,"Laborers and freight, stock, and material movers, hand",2988.9,3033.1,44.3,1.5,384.3,1.3,No formal educational credential,,Short-term on-the-job training,38940.0,41420.0,30810.0,35410.0,46370.0,53180.0,18.72,19.91,14.81,17.03,22.29,25.57,2982530.0,"Laborers and Freight, Stock, and Material Movers, Hand"
53-7063,Machine feeders and offbearers,46.5,40.4,-6.0,-13.0,4.7,0.9,No formal educational credential,,Short-term on-the-job training,39700.0,42840.0,31480.0,36020.0,48220.0,57010.0,19.09,20.6,15.14,17.32,23.19,27.41,46690.0,Machine Feeders and Offbearers
53-7064,"Packers and packagers, hand",591.8,559.7,-32.2,-5.4,74.0,0.7,No formal educational credential,,Short-term on-the-job training,35580.0,36600.0,27050.0,31470.0,40960.0,46260.0,17.1,17.59,13.01,15.13,19.69,22.24,601440.0,"Packers and Packagers, Hand"
53-7065,Stockers and order fillers,2764.8,2999.8,235.0,8.5,472.3,0.2,No formal educational credential,,Short-term on-the-job training,37090.0,38910.0,29850.0,33710.0,43140.0,49200.0,17.83,18.71,14.35,16.21,20.74,23.65,2779530.0,Stockers and Order Fillers
53-7071,Gas compressor and gas pumping station operators,5.4,5.3,-0.1,-1.3,0.6,3.6,High school diploma or equivalent,,Moderate-term on-the-job training,71510.0,71750.0,43950.0,57520.0,88090.0,98350.0,34.38,34.5,21.13,27.65,42.35,47.29,5110.0,Gas Compressor and Gas Pumping Station Operators
53-7072,"Pump operators, except wellhead pumpers",13.1,13.5,0.3,2.6,1.5,3.6,High school diploma or equivalent,,Moderate-term on-the-job training,60020.0,61950.0,37850.0,47270.0,75160.0,89660.0,28.86,29.78,18.2,22.73,36.13,43.11,12600.0,"Pump Operators, Except Wellhead Pumpers"
53-7073,Wellhead pumpers,18.8,17.9,-0.9,-4.7,2.0,3.6,High school diploma or equivalent,Less than 5 years,Moderate-term on-the-job training,70010.0,70070.0,39110.0,54450.0,80720.0,97470.0,33.66,33.69,18.8,26.18,38.81,46.86,17350.0,Wellhead Pumpers
53-7081,Refuse and recyclable material collectors,147.9,149.2,1.3,0.9,16.9,3.7,No formal educational credential,,Short-term on-the-job training,48350.0,51210.0,31810.0,38330.0,61010.0,75200.0,23.24,24.62,15.29,18.43,29.33,36.16,139180.0,Refuse and Recyclable Material Collectors
53-7121,"Tank car, truck, and ship loaders",12.0,12.5,0.5,4.3,1.3,6.6,No formal educational credential,,Short-term on-the-job training,58070.0,60010.0,38260.0,47260.0,71230.0,88120.0,27.92,28.85,18.39,22.72,34.25,42.36,10920.0,"Tank Car, Truck, and Ship Loaders"
53-7199,"Material moving workers, all other",27.7,28.9,1.2,4.3,3.1,6.1,No formal educational credential,,Short-term on-the-job training,41690.0,46650.0,33280.0,35470.0,50850.0,64850.0,20.04,22.43,16.0,17.06,24.45,31.18,25190.0,"Material Moving Workers, All Other"
